2026-05-19 09:43:21.162 | DEBUG    | __main__:run:271 | ================================================================================
2026-05-19 09:43:21.163 | DEBUG    | __main__:run:272 | === 启动标注，count=100, all=True ===
2026-05-19 09:43:21.166 | DEBUG    | __main__:run:290 | ----------------------------------------
2026-05-19 09:43:21.167 | INFO     | __main__:run:291 | SPOT: 西景区山门 | 吉林省/白山市/抚松县/
2026-05-19 09:43:21.167 | DEBUG    | __main__:run:295 | [1] 高德查询...
2026-05-19 09:43:57.137 | DEBUG    | backend.api.amap:_geo_to_address_once:164 | [高德] 逆地理完成，返回 5 个POI, 1 个AOI
2026-05-19 09:43:57.138 | ERROR    | backend.api.amap:_name_to_poi_once:224 | [高德] 名称搜索请求超时
2026-05-19 09:43:57.138 | WARNING  | backend.api.amap:name_to_poi:279 | [高德] 名称搜索第 1 次无结果
2026-05-19 09:43:57.833 | DEBUG    | backend.api.amap:_name_to_poi_once:267 | [高德] 名称搜索完成，返回 4 个 POI
2026-05-19 09:43:57.833 | DEBUG    | backend.api.amap:query_candidates:345 | [高德] 候选去重后: 10 条
2026-05-19 09:43:57.835 | DEBUG    | backend.util.io:save_json:54 | [保存] /data/openclaw/tianmap-government/tmp/amap/20260519_094357_西景区山门_f5fde53a.json
2026-05-19 09:43:57.835 | DEBUG    | __main__:run:315 | [地址] 一致: 吉林省/白山市/抚松县/东岗镇
2026-05-19 09:43:57.835 | DEBUG    | __main__:run:323 | [2] Agent 筛选高德...
2026-05-19 09:44:00.189 | DEBUG    | __main__:select_type:113 | [选择] 自检通过: type=poi source=name_poi id=B0K22LF3CE
2026-05-19 09:44:00.189 | DEBUG    | __main__:run:343 | [名称] 一致: 西景区山门
2026-05-19 09:44:00.190 | DEBUG    | __main__:run:347 | [选择] name_poi | 56.43m | 第3名 | 前面: 长白山国家级自然保护区(geo_aoi), 维东派出所(geo_poi)
2026-05-19 09:44:00.190 | DEBUG    | __main__:run:352 | [理由] SPOT名称'西景区山门'为单体建筑/独立点位（景区入口山门），非片区/广场/商圈。候选中第3条name_poi来源的'西景区山门'名称完全匹配，距离56.43米最近，amap_type为'风景名胜;风景名胜;风景名胜'，符合要求。 (1次成功)
2026-05-19 09:44:00.190 | DEBUG    | __main__:run:355 | [3] Agent 标注分类...
2026-05-19 09:44:21.362 | DEBUG    | __main__:annotate_category:189 | [标注] 自检通过: 文化旅游/旅游景区
2026-05-19 09:44:21.363 | DEBUG    | __main__:run:363 | [标注] {"name": "西景区山门", "affiliation": "文化旅游", "point_type": "旅游景区", "level": "5A", "feature": "长白山西景区山门，游客需换乘环保车进入景区，登顶天池需徒步1440级台阶", "parent_company": "吉林省长白山保护开发区管理委员会", "constructor": "信息待补充"} (1次成功)
2026-05-19 09:44:21.363 | DEBUG    | __main__:run:366 | [4] 入库...
2026-05-19 09:44:21.365 | INFO     | __main__:save_result:264 | [入库] poi_id=f5fde53a-e69b-4b5f-a7c9-4ad78c7e9f91 文化旅游/旅游景区 rgb(255,0,255)/260000
2026-05-19 09:44:21.366 | INFO     | __main__:save_result:265 | [记录] 
2026-05-19 09:44:21.375 | DEBUG    | __main__:run:290 | ----------------------------------------
2026-05-19 09:44:21.375 | INFO     | __main__:run:291 | SPOT: 农夫山泉(千岛湖有限公司) | 浙江省/杭州市/淳安县/千岛湖镇
2026-05-19 09:44:21.375 | DEBUG    | __main__:run:295 | [1] 高德查询...
2026-05-19 09:44:21.481 | DEBUG    | backend.api.amap:_geo_to_address_once:164 | [高德] 逆地理完成，返回 5 个POI, 2 个AOI
2026-05-19 09:44:21.536 | DEBUG    | backend.api.amap:_name_to_poi_once:267 | [高德] 名称搜索完成，返回 5 个 POI
2026-05-19 09:44:21.536 | DEBUG    | backend.api.amap:query_candidates:345 | [高德] 候选去重后: 10 条
2026-05-19 09:44:21.538 | DEBUG    | backend.util.io:save_json:54 | [保存] /data/openclaw/tianmap-government/tmp/amap/20260519_094421_农夫山泉千岛湖有限公司_78943cee.json
2026-05-19 09:44:21.538 | DEBUG    | __main__:run:315 | [地址] 一致: 浙江省/杭州市/淳安县/千岛湖镇
2026-05-19 09:44:21.538 | DEBUG    | __main__:run:323 | [2] Agent 筛选高德...
2026-05-19 09:44:23.622 | DEBUG    | __main__:select_type:113 | [选择] 自检通过: type=poi source=geo_poi id=B023B14NU2
2026-05-19 09:44:23.623 | DEBUG    | __main__:run:345 | [名称] 不一致: DB=农夫山泉(千岛湖有限公司) → agent=农夫山泉南山工厂
2026-05-19 09:44:23.623 | DEBUG    | __main__:run:347 | [选择] geo_poi | 21.56m | 第2名 | 前面: 千岛湖镇核心区域(geo_aoi)
2026-05-19 09:44:23.623 | DEBUG    | __main__:run:352 | [理由] SPOT 为单体工厂/公司点位，候选中 geo_poi 的'农夫山泉南山工厂'距离仅 21.56 米且地址'春蚕路59号'与逆地理地址吻合，为最匹配结果 (1次成功)
2026-05-19 09:44:23.623 | DEBUG    | __main__:run:355 | [3] Agent 标注分类...
2026-05-19 09:44:40.633 | DEBUG    | __main__:annotate_category:189 | [标注] 自检通过: 民营企业/民营独资
2026-05-19 09:44:40.633 | DEBUG    | __main__:run:363 | [标注] {"name": "农夫山泉(千岛湖有限公司)", "affiliation": "民营企业", "point_type": "民营独资", "level": "信息待补充", "feature": "农夫山泉股份有限公司100%持股全资子公司，位于千岛湖经济开发区的饮料生产基地，主营天然饮用水生产与灌装，注册资本11180万人民币，2024年员工165人", "parent_company": "农夫山泉股份有限公司", "constructor": "农夫山泉股份有限公司"} (1次成功)
2026-05-19 09:44:40.634 | DEBUG    | __main__:run:366 | [4] 入库...
2026-05-19 09:44:40.637 | INFO     | __main__:save_result:264 | [入库] poi_id=78943cee-8181-446c-a153-b81f54d600b3 民营企业/民营独资 rgb(112,243,255)/220000
2026-05-19 09:44:40.637 | INFO     | __main__:save_result:265 | [记录] 
2026-05-19 09:44:40.645 | DEBUG    | __main__:run:290 | ----------------------------------------
2026-05-19 09:44:40.645 | INFO     | __main__:run:291 | SPOT: 青城山（5A） | 四川省/成都市/都江堰市/青城山镇
2026-05-19 09:44:40.646 | DEBUG    | __main__:run:295 | [1] 高德查询...
2026-05-19 09:44:40.723 | DEBUG    | backend.api.amap:_geo_to_address_once:164 | [高德] 逆地理完成，返回 5 个POI, 1 个AOI
2026-05-19 09:44:40.900 | DEBUG    | backend.api.amap:_name_to_poi_once:267 | [高德] 名称搜索完成，返回 5 个 POI
2026-05-19 09:44:40.900 | DEBUG    | backend.api.amap:query_candidates:345 | [高德] 候选去重后: 10 条
2026-05-19 09:44:40.902 | DEBUG    | backend.util.io:save_json:54 | [保存] /data/openclaw/tianmap-government/tmp/amap/20260519_094440_青城山5A_66a5f5a3.json
2026-05-19 09:44:40.902 | DEBUG    | __main__:run:315 | [地址] 一致: 四川省/成都市/都江堰市/青城山镇
2026-05-19 09:44:40.902 | DEBUG    | __main__:run:323 | [2] Agent 筛选高德...
2026-05-19 09:44:47.229 | DEBUG    | __main__:run:271 | ================================================================================
2026-05-19 09:44:47.229 | DEBUG    | __main__:run:272 | === 启动标注，count=100, all=True ===
2026-05-19 09:44:47.233 | DEBUG    | __main__:run:290 | ----------------------------------------
2026-05-19 09:44:47.233 | INFO     | __main__:run:291 | SPOT: 苏州中茵皇冠假日酒店 | 江苏省/苏州市/姑苏区/娄葑街道
2026-05-19 09:44:47.233 | DEBUG    | __main__:run:295 | [1] 高德查询...
2026-05-19 09:45:23.182 | DEBUG    | backend.api.amap:_geo_to_address_once:164 | [高德] 逆地理完成，返回 5 个POI, 2 个AOI
2026-05-19 09:45:23.183 | ERROR    | backend.api.amap:_name_to_poi_once:224 | [高德] 名称搜索请求超时
2026-05-19 09:45:23.183 | WARNING  | backend.api.amap:name_to_poi:279 | [高德] 名称搜索第 1 次无结果
2026-05-19 09:45:23.859 | DEBUG    | backend.api.amap:_name_to_poi_once:267 | [高德] 名称搜索完成，返回 5 个 POI
2026-05-19 09:45:23.859 | DEBUG    | backend.api.amap:query_candidates:345 | [高德] 候选去重后: 10 条
2026-05-19 09:45:23.861 | DEBUG    | backend.util.io:save_json:54 | [保存] /data/openclaw/tianmap-government/tmp/amap/20260519_094523_苏州中茵皇冠假日酒店_44772549.json
2026-05-19 09:45:23.862 | DEBUG    | __main__:run:317 | [地址] 不一致: DB=姑苏区 → 高德=吴中区 | DB=娄葑街道 → 高德=金鸡湖街道
2026-05-19 09:45:23.862 | DEBUG    | __main__:run:323 | [2] Agent 筛选高德...
2026-05-19 09:45:26.022 | DEBUG    | __main__:select_type:113 | [选择] 自检通过: type=poi source=geo_poi id=B020001O7J
2026-05-19 09:45:26.022 | DEBUG    | __main__:run:343 | [名称] 一致: 苏州中茵皇冠假日酒店
2026-05-19 09:45:26.023 | DEBUG    | __main__:run:347 | [选择] geo_poi | 22.9m | 第3名 | 前面: 金鸡湖景区(geo_aoi), 苏州中茵皇冠假日酒店・宴会厅(name_poi)
2026-05-19 09:45:26.023 | DEBUG    | __main__:run:352 | [理由] SPOT为单体酒店点位，候选B020001O7J名称完全匹配，source=geo_poi，距离22.9米最近且类型准确（住宿服务-宾馆酒店-五星级宾馆） (1次成功)
2026-05-19 09:45:26.023 | DEBUG    | __main__:run:355 | [3] Agent 标注分类...
2026-05-19 09:45:45.270 | DEBUG    | __main__:annotate_category:189 | [标注] 自检通过: 商业服务/酒店
2026-05-19 09:45:45.270 | DEBUG    | __main__:run:363 | [标注] {"name": "苏州中茵皇冠假日酒店", "affiliation": "商业服务", "point_type": "酒店", "level": "五星级", "feature": "洲际酒店集团旗下皇冠假日品牌，以豪华邮轮为主题的五星级酒店，坐落于金鸡湖畔，拥有388间客房及延伸至湖中的室外游泳池", "parent_company": "洲际酒店集团", "constructor": "西藏中茵集团有限公司 + 苏州市光华实业（集团）有限公司"} (1次成功)
2026-05-19 09:45:45.270 | DEBUG    | __main__:run:366 | [4] 入库...
2026-05-19 09:45:45.273 | INFO     | __main__:save_result:264 | [入库] poi_id=44772549-4c91-437e-a55d-f9933da20c6b 商业服务/酒店 rgb(51,187,255)/120000
2026-05-19 09:45:45.273 | INFO     | __main__:save_result:265 | [记录] {"district": ["吴中区", "姑苏区"], "township": ["金鸡湖街道", "娄葑街道"]}
2026-05-19 09:45:45.282 | DEBUG    | __main__:run:290 | ----------------------------------------
2026-05-19 09:45:45.282 | INFO     | __main__:run:291 | SPOT: 花江峡谷大桥 | 贵州省/安顺市/关岭布依族苗族自治县/花江镇
2026-05-19 09:45:45.282 | DEBUG    | __main__:run:295 | [1] 高德查询...
2026-05-19 09:45:45.362 | DEBUG    | backend.api.amap:_geo_to_address_once:164 | [高德] 逆地理完成，返回 5 个POI, 1 个AOI
2026-05-19 09:45:45.463 | DEBUG    | backend.api.amap:_name_to_poi_once:267 | [高德] 名称搜索完成，返回 5 个 POI
2026-05-19 09:45:45.464 | DEBUG    | backend.api.amap:query_candidates:345 | [高德] 候选去重后: 11 条
2026-05-19 09:45:45.466 | DEBUG    | backend.util.io:save_json:54 | [保存] /data/openclaw/tianmap-government/tmp/amap/20260519_094545_花江峡谷大桥_1236acd3.json
2026-05-19 09:45:45.466 | DEBUG    | __main__:run:317 | [地址] 不一致: DB=安顺市 → 高德=黔西南布依族苗族自治州 | DB=关岭布依族苗族自治县 → 高德=贞丰县 | DB=花江镇 → 高德=平街乡
2026-05-19 09:45:45.466 | DEBUG    | __main__:run:323 | [2] Agent 筛选高德...
2026-05-19 09:45:47.001 | DEBUG    | __main__:select_type:113 | [选择] 自检通过: type=poi source=geo_poi id=BY0001OZDA
2026-05-19 09:45:47.001 | DEBUG    | __main__:run:343 | [名称] 一致: 花江峡谷大桥
2026-05-19 09:45:47.002 | DEBUG    | __main__:run:347 | [选择] geo_poi | 40.5m | 第2名 | 前面: 贵州花江峡谷大桥旅游区(geo_aoi)
2026-05-19 09:45:47.002 | DEBUG    | __main__:run:352 | [理由] 花江峡谷大桥是单体桥梁建筑（交通基础设施），属于单体点位。geo_poi 来源的 '花江峡谷大桥' 距离最近（40.5m），类型为'桥'，名称完全匹配。注意：geo_aoi 返回的'贵州花江峡谷大桥旅游区'（距离0m）是片区/景区范围，非桥梁本体。 (1次成功)
2026-05-19 09:45:47.002 | DEBUG    | __main__:run:355 | [3] Agent 标注分类...
2026-05-19 09:46:12.894 | DEBUG    | __main__:annotate_category:189 | [标注] 自检通过: 基础设施/交通设施
2026-05-19 09:46:12.895 | DEBUG    | __main__:run:363 | [标注] {"name": "花江峡谷大桥", "affiliation": "基础设施", "point_type": "交通设施", "level": "世界第一高桥", "feature": "桥面距水面625米、主跨1420米的钢桁梁悬索桥，获吉尼斯世界纪录认证，六枝至安龙高速公路关键控制性工程，2025年9月28日通车", "parent_company": "贵州省六安高速公路有限公司", "constructor": "贵州桥梁集团"} (1次成功)
2026-05-19 09:46:12.895 | DEBUG    | __main__:run:366 | [4] 入库...
2026-05-19 09:46:12.898 | INFO     | __main__:save_result:264 | [入库] poi_id=1236acd3-ab84-4696-a2b9-c1320835584e 基础设施/交通设施 rgb(100,100,100)/250000
2026-05-19 09:46:12.898 | INFO     | __main__:save_result:265 | [记录] {"city": ["黔西南布依族苗族自治州", "安顺市"], "district": ["贞丰县", "关岭布依族苗族自治县"], "township": ["平街乡", "花江镇"]}
2026-05-19 09:46:12.906 | DEBUG    | __main__:run:290 | ----------------------------------------
2026-05-19 09:46:12.906 | INFO     | __main__:run:291 | SPOT: 城西休闲公园 | 浙江省/杭州市/西湖区/留下街道
2026-05-19 09:46:12.907 | DEBUG    | __main__:run:295 | [1] 高德查询...
2026-05-19 09:46:12.997 | DEBUG    | backend.api.amap:_geo_to_address_once:164 | [高德] 逆地理完成，返回 5 个POI, 1 个AOI
2026-05-19 09:46:13.072 | DEBUG    | backend.api.amap:_name_to_poi_once:267 | [高德] 名称搜索完成，返回 5 个 POI
2026-05-19 09:46:13.072 | DEBUG    | backend.api.amap:query_candidates:345 | [高德] 候选去重后: 10 条
2026-05-19 09:46:13.073 | DEBUG    | backend.util.io:save_json:54 | [保存] /data/openclaw/tianmap-government/tmp/amap/20260519_094613_城西休闲公园_7f06ba1e.json
2026-05-19 09:46:13.073 | DEBUG    | __main__:run:315 | [地址] 一致: 浙江省/杭州市/西湖区/留下街道
2026-05-19 09:46:13.073 | DEBUG    | __main__:run:323 | [2] Agent 筛选高德...
2026-05-19 09:46:14.622 | DEBUG    | __main__:select_type:113 | [选择] 自检通过: type=aoi source=geo_aoi id=B0H1ZU7T26
2026-05-19 09:46:14.622 | DEBUG    | __main__:run:345 | [名称] 不一致: DB=城西休闲公园 → agent=杭州城西休闲公园
2026-05-19 09:46:14.622 | DEBUG    | __main__:run:349 | [选择] geo_aoi | 0.0m | 第1名
2026-05-19 09:46:14.622 | DEBUG    | __main__:run:352 | [理由] SPOT名称为公园，属于片区/广场类型，优先选geo_aoi。第一条候选名称完全匹配且距离为0，是最优匹配。 (1次成功)
2026-05-19 09:46:14.623 | DEBUG    | __main__:run:355 | [3] Agent 标注分类...
2026-05-19 09:46:29.649 | DEBUG    | __main__:annotate_category:189 | [标注] 自检通过: 自然景观/广场绿地
2026-05-19 09:46:29.649 | DEBUG    | __main__:run:363 | [标注] {"name": "城西休闲公园", "affiliation": "自然景观", "point_type": "广场绿地", "level": "信息待补充", "feature": "又称杭州市劳模工匠文化公园，占地面积约26万平方米，绿化覆盖率90%以上，内有万余株植物，配备大面积草坪、活动场地、环形园路及劳模工匠主题文化景观", "parent_company": "杭州西湖风景名胜区管委会", "constructor": "信息待补充"} (1次成功)
2026-05-19 09:46:29.649 | DEBUG    | __main__:run:366 | [4] 入库...
2026-05-19 09:46:29.652 | INFO     | __main__:save_result:264 | [入库] poi_id=7f06ba1e-9fd3-410d-8877-c16141dd2cd9 自然景观/广场绿地 rgb(0,255,0)/100000
2026-05-19 09:46:29.653 | INFO     | __main__:save_result:265 | [记录] 
2026-05-19 09:46:29.660 | DEBUG    | __main__:run:290 | ----------------------------------------
2026-05-19 09:46:29.661 | INFO     | __main__:run:291 | SPOT: 西湖体育馆 | 浙江省/杭州市/西湖区/灵隐街道
2026-05-19 09:46:29.661 | DEBUG    | __main__:run:295 | [1] 高德查询...
2026-05-19 09:46:29.774 | DEBUG    | backend.api.amap:_geo_to_address_once:164 | [高德] 逆地理完成，返回 5 个POI, 1 个AOI
2026-05-19 09:46:29.933 | DEBUG    | backend.api.amap:_name_to_poi_once:267 | [高德] 名称搜索完成，返回 5 个 POI
2026-05-19 09:46:29.934 | DEBUG    | backend.api.amap:query_candidates:345 | [高德] 候选去重后: 10 条
2026-05-19 09:46:29.935 | DEBUG    | backend.util.io:save_json:54 | [保存] /data/openclaw/tianmap-government/tmp/amap/20260519_094629_西湖体育馆_5edd76d0.json
2026-05-19 09:46:29.935 | DEBUG    | __main__:run:315 | [地址] 一致: 浙江省/杭州市/西湖区/灵隐街道
2026-05-19 09:46:29.936 | DEBUG    | __main__:run:323 | [2] Agent 筛选高德...
2026-05-19 09:46:31.296 | DEBUG    | __main__:select_type:113 | [选择] 自检通过: type=poi source=name_poi id=B023B0268A
2026-05-19 09:46:31.297 | DEBUG    | __main__:run:343 | [名称] 一致: 西湖体育馆
2026-05-19 09:46:31.297 | DEBUG    | __main__:run:347 | [选择] name_poi | 6.82m | 第3名 | 前面: 杭州公交西湖体育馆站(name_poi), 乐刻运动健身(西湖体育馆店)(geo_poi)
2026-05-19 09:46:31.297 | DEBUG    | __main__:run:352 | [理由] 西湖体育馆为单体建筑（综合体育馆），候选第3条amap_name与SPOT名称完全一致，类型为综合体育馆，距离6.82米最近匹配项。 (1次成功)
2026-05-19 09:46:31.297 | DEBUG    | __main__:run:355 | [3] Agent 标注分类...
2026-05-19 09:46:53.698 | DEBUG    | __main__:annotate_category:189 | [标注] 自检通过: 事业单位/其他
2026-05-19 09:46:53.699 | DEBUG    | __main__:run:363 | [标注] {"name": "西湖体育馆", "affiliation": "事业单位", "point_type": "其他", "level": "区级公共体育设施", "feature": "西湖区第一家大型综合性运动场馆，2004年建成，为配合地铁建设于2018年停运并复建，复建后占地约1.24万平方米，总建筑面积约4.65万平方米，含3000人篮球馆及10层全民健身中心，具备运动赛事文化演艺等功能", "parent_company": "杭州西湖文化旅游投资集团有限公司", "constructor": "杭州西湖文化旅游投资集团有限公司"} (1次成功)
2026-05-19 09:46:53.699 | DEBUG    | __main__:run:366 | [4] 入库...
2026-05-19 09:46:53.701 | INFO     | __main__:save_result:264 | [入库] poi_id=5edd76d0-ea81-4a59-ae63-3b0a47106528 事业单位/其他 rgb(255,117,51)/100000
2026-05-19 09:46:53.701 | INFO     | __main__:save_result:265 | [记录] 
2026-05-19 09:46:53.709 | DEBUG    | __main__:run:290 | ----------------------------------------
2026-05-19 09:46:53.709 | INFO     | __main__:run:291 | SPOT: 康鹭新招工广场 | 广东省/广州市/海珠区/凤阳街道
2026-05-19 09:46:53.709 | DEBUG    | __main__:run:295 | [1] 高德查询...
2026-05-19 09:46:53.849 | DEBUG    | backend.api.amap:_geo_to_address_once:164 | [高德] 逆地理完成，返回 5 个POI, 1 个AOI
2026-05-19 09:46:53.888 | DEBUG    | backend.api.amap:_name_to_poi_once:267 | [高德] 名称搜索完成，返回 2 个 POI
2026-05-19 09:46:53.889 | DEBUG    | backend.api.amap:query_candidates:345 | [高德] 候选去重后: 7 条
2026-05-19 09:46:53.890 | DEBUG    | backend.util.io:save_json:54 | [保存] /data/openclaw/tianmap-government/tmp/amap/20260519_094653_康鹭新招工广场_1ba77604.json
2026-05-19 09:46:53.890 | DEBUG    | __main__:run:315 | [地址] 一致: 广东省/广州市/海珠区/凤阳街道
2026-05-19 09:46:53.890 | DEBUG    | __main__:run:323 | [2] Agent 筛选高德...
2026-05-19 09:46:55.414 | DEBUG    | __main__:select_type:113 | [选择] 自检通过: type=poi source=name_poi id=B0J2RMNL7L
2026-05-19 09:46:55.415 | DEBUG    | __main__:run:345 | [名称] 不一致: DB=康鹭新招工广场 → agent=海珠区纺织零工市场
2026-05-19 09:46:55.415 | DEBUG    | __main__:run:349 | [选择] name_poi | 27.22m | 第1名
2026-05-19 09:46:55.415 | DEBUG    | __main__:run:352 | [理由] 康鹭新招工广场为单体功能点位（零工市场），第一条候选'海珠区纺织零工市场'的business_area.alias明确标注为'康鹭新招工广场'，名称完全对应，距离最近27.22米，且source为name_poi优先命中。 (1次成功)
2026-05-19 09:46:55.415 | DEBUG    | __main__:run:355 | [3] Agent 标注分类...
2026-05-19 09:46:56.029 | WARNING  | __main__:annotate_category:171 | [标注] 缺少字段: ['affiliation', 'point_type', 'level', 'feature', 'parent_company', 'constructor']，重试
2026-05-19 09:47:14.596 | DEBUG    | __main__:annotate_category:189 | [标注] 自检通过: 事业单位/其他
2026-05-19 09:47:14.596 | DEBUG    | __main__:run:363 | [标注] {"name": "康鹭新招工广场", "affiliation": "事业单位", "point_type": "其他", "level": "三级事业单位，公益性就业服务场所", "feature": "广州市海珠区凤阳街道设立的纺织行业特色零工市场，由政府主导、市场化运营，服务中大商圈纺织行业零工招聘就业", "parent_company": "广州市海珠区凤阳街道办事处", "constructor": "广州市海珠区凤阳街道办事处"} (2次成功)
2026-05-19 09:47:14.596 | DEBUG    | __main__:run:366 | [4] 入库...
2026-05-19 09:47:14.599 | INFO     | __main__:save_result:264 | [入库] poi_id=1ba77604-d73e-4517-bf50-d17d82672892 事业单位/其他 rgb(255,117,51)/100000
2026-05-19 09:47:14.599 | INFO     | __main__:save_result:265 | [记录] 
2026-05-19 09:47:14.607 | DEBUG    | __main__:run:290 | ----------------------------------------
2026-05-19 09:47:14.607 | INFO     | __main__:run:291 | SPOT: 江宁体育中心 | 江苏省/南京市/江宁区/淳化街道
2026-05-19 09:47:14.607 | DEBUG    | __main__:run:295 | [1] 高德查询...
2026-05-19 09:47:14.679 | DEBUG    | backend.api.amap:_geo_to_address_once:164 | [高德] 逆地理完成，返回 5 个POI, 2 个AOI
2026-05-19 09:47:14.821 | DEBUG    | backend.api.amap:_name_to_poi_once:267 | [高德] 名称搜索完成，返回 5 个 POI
2026-05-19 09:47:14.821 | DEBUG    | backend.api.amap:query_candidates:345 | [高德] 候选去重后: 8 条
2026-05-19 09:47:14.822 | DEBUG    | backend.util.io:save_json:54 | [保存] /data/openclaw/tianmap-government/tmp/amap/20260519_094714_江宁体育中心_21dcb0fe.json
2026-05-19 09:47:14.823 | DEBUG    | __main__:run:315 | [地址] 一致: 江苏省/南京市/江宁区/淳化街道
2026-05-19 09:47:14.823 | DEBUG    | __main__:run:323 | [2] Agent 筛选高德...
2026-05-19 09:47:16.602 | DEBUG    | __main__:select_type:113 | [选择] 自检通过: type=poi source=geo_poi id=B0FFFA1XUF
2026-05-19 09:47:16.602 | DEBUG    | __main__:run:345 | [名称] 不一致: DB=江宁体育中心 → agent=江宁体育中心体育场
2026-05-19 09:47:16.602 | DEBUG    | __main__:run:349 | [选择] geo_poi | 11.02m | 第1名
2026-05-19 09:47:16.602 | DEBUG    | __main__:run:352 | [理由] SPOT为单体点位，首选geo_poi。候选1江宁体育中心体育场距离仅11.02米，距离最近且名称包含核心关键词'江宁体育中心'，为最匹配结果。 (1次成功)
2026-05-19 09:47:16.602 | DEBUG    | __main__:run:355 | [3] Agent 标注分类...
2026-05-19 09:48:13.286 | DEBUG    | __main__:annotate_category:189 | [标注] 自检通过: 事业单位/其他
2026-05-19 09:48:13.287 | DEBUG    | __main__:run:363 | [标注] {"name": "江宁体育中心", "affiliation": "事业单位", "point_type": "其他", "level": "区级事业单位", "feature": "国内规模较大的区县级体育中心之一，总建筑面积约8.9万平方米，曾承办第十届全运会、第二届青奥会等高级别赛事。2022年起由橙狮体育委托运营，现为智慧化数字体育中心，荣获全国群众体育先进单位称号。", "parent_company": "江宁区文化和旅游局", "constructor": "信息待补充"} (1次成功)
2026-05-19 09:48:13.287 | DEBUG    | __main__:run:366 | [4] 入库...
2026-05-19 09:48:13.290 | INFO     | __main__:save_result:264 | [入库] poi_id=21dcb0fe-7d01-4bc8-bbd0-fa4b9811941e 事业单位/其他 rgb(255,117,51)/100000
2026-05-19 09:48:13.290 | INFO     | __main__:save_result:265 | [记录] 
2026-05-19 09:48:13.298 | DEBUG    | __main__:run:290 | ----------------------------------------
2026-05-19 09:48:13.298 | INFO     | __main__:run:291 | SPOT: 活力岛 | 江苏省/苏州市/相城区/元和街道
2026-05-19 09:48:13.298 | DEBUG    | __main__:run:295 | [1] 高德查询...
2026-05-19 09:48:13.383 | DEBUG    | backend.api.amap:_geo_to_address_once:164 | [高德] 逆地理完成，返回 5 个POI, 1 个AOI
2026-05-19 09:48:13.453 | DEBUG    | backend.api.amap:_name_to_poi_once:267 | [高德] 名称搜索完成，返回 5 个 POI
2026-05-19 09:48:13.453 | DEBUG    | backend.api.amap:query_candidates:345 | [高德] 候选去重后: 8 条
2026-05-19 09:48:13.455 | DEBUG    | backend.util.io:save_json:54 | [保存] /data/openclaw/tianmap-government/tmp/amap/20260519_094813_活力岛_9d68b4ed.json
2026-05-19 09:48:13.455 | DEBUG    | __main__:run:315 | [地址] 一致: 江苏省/苏州市/相城区/元和街道
2026-05-19 09:48:13.455 | DEBUG    | __main__:run:323 | [2] Agent 筛选高德...
2026-05-19 09:48:15.123 | DEBUG    | __main__:select_type:113 | [选择] 自检通过: type=poi source=geo_poi id=B0HGFS6HZ8
2026-05-19 09:48:15.124 | DEBUG    | __main__:run:345 | [名称] 不一致: DB=活力岛 → agent=姑苏八点半·活力岛
2026-05-19 09:48:15.124 | DEBUG    | __main__:run:349 | [选择] geo_poi | 5.93m | 第1名
2026-05-19 09:48:15.124 | DEBUG    | __main__:run:352 | [理由] 活力岛是相城区知名商业综合体/商圈片区名称，但候选列表中无 geo_aoi 来源数据。最近的 geo_poi '姑苏八点半·活力岛'（距离5.93m）与 SPOT 名称高度匹配且距离最近，作为商圈片区名虽不完美，但在无 aoi 候选时取此 geo_poi 作为兜底。 (1次成功)
2026-05-19 09:48:15.124 | DEBUG    | __main__:run:355 | [3] Agent 标注分类...
2026-05-19 09:48:57.656 | DEBUG    | __main__:annotate_category:189 | [标注] 自检通过: 商业服务/商业综合体
2026-05-19 09:48:57.656 | DEBUG    | __main__:run:363 | [标注] {"name": "活力岛", "affiliation": "商业服务", "point_type": "商业综合体", "level": "信息待补充", "feature": "相城区中心商贸城，苏州城北CBD核心区域，由中央万人广场、东方风情岛和西方风情岛三部分组成，2006年规划，2019年以来实施城市副中心提升改造，涵盖商业街区、餐饮零售、酒店等业态", "parent_company": "金海华集团", "constructor": "信息待补充"} (1次成功)
2026-05-19 09:48:57.656 | DEBUG    | __main__:run:366 | [4] 入库...
2026-05-19 09:48:57.659 | INFO     | __main__:save_result:264 | [入库] poi_id=9d68b4ed-d2c8-4999-8597-0c04e9fda715 商业服务/商业综合体 rgb(51,187,255)/200000
2026-05-19 09:48:57.659 | INFO     | __main__:save_result:265 | [记录] 
2026-05-19 09:48:57.663 | DEBUG    | __main__:run:290 | ----------------------------------------
2026-05-19 09:48:57.663 | INFO     | __main__:run:291 | SPOT: 江苏银行南京分行 | 江苏省/南京市/建邺区/双闸街道
2026-05-19 09:48:57.663 | DEBUG    | __main__:run:295 | [1] 高德查询...
2026-05-19 09:48:57.757 | DEBUG    | backend.api.amap:_geo_to_address_once:164 | [高德] 逆地理完成，返回 5 个POI, 2 个AOI
2026-05-19 09:48:57.848 | DEBUG    | backend.api.amap:_name_to_poi_once:267 | [高德] 名称搜索完成，返回 5 个 POI
2026-05-19 09:48:57.848 | DEBUG    | backend.api.amap:query_candidates:345 | [高德] 候选去重后: 11 条
2026-05-19 09:48:57.849 | DEBUG    | backend.util.io:save_json:54 | [保存] /data/openclaw/tianmap-government/tmp/amap/20260519_094857_江苏银行南京分行_afb5bd9f.json
2026-05-19 09:48:57.849 | DEBUG    | __main__:run:315 | [地址] 一致: 江苏省/南京市/建邺区/双闸街道
2026-05-19 09:48:57.850 | DEBUG    | __main__:run:323 | [2] Agent 筛选高德...
2026-05-19 09:48:59.484 | DEBUG    | __main__:select_type:113 | [选择] 自检通过: type=poi source=geo_poi id=B0J1YKGCYN
2026-05-19 09:48:59.484 | DEBUG    | __main__:run:345 | [名称] 不一致: DB=江苏银行南京分行 → agent=江苏银行(南京分行营业部)
2026-05-19 09:48:59.484 | DEBUG    | __main__:run:347 | [选择] geo_poi | 43.89m | 第3名 | 前面: Vanli江山中心(geo_aoi), 南京国际博览中心3期(geo_aoi)
2026-05-19 09:48:59.485 | DEBUG    | __main__:run:352 | [理由] SPOT'江苏银行南京分行'为单体银行网点，候选第3条'江苏银行(南京分行营业部)'名称高度匹配且为分行级别网点，距离仅43.89米最近，类型匹配'金融保险服务;银行'。 (1次成功)
2026-05-19 09:48:59.485 | DEBUG    | __main__:run:355 | [3] Agent 标注分类...
2026-05-19 09:50:00.429 | DEBUG    | __main__:annotate_category:189 | [标注] 自检通过: 国企平台/二级分公司
2026-05-19 09:50:00.430 | DEBUG    | __main__:run:363 | [标注] {"name": "江苏银行南京分行", "affiliation": "国企平台", "point_type": "二级分公司", "level": "江苏省国企", "feature": "江苏银行省分行，系统重要性银行分支机构，江苏省内最大法人银行。总资产超4.9万亿元，2007年10家城商行合并重组成立，上交所上市（600919）。南京分行成立于2017年，位于建邺区江北新区。", "parent_company": "江苏银行股份有限公司", "constructor": "信息待补充"} (1次成功)
2026-05-19 09:50:00.430 | DEBUG    | __main__:run:366 | [4] 入库...
2026-05-19 09:50:00.433 | INFO     | __main__:save_result:264 | [入库] poi_id=afb5bd9f-823a-4df1-9aef-9b8e81461913 国企平台/二级分公司 rgb(255,187,51)/150000
2026-05-19 09:50:00.433 | INFO     | __main__:save_result:265 | [记录] 
2026-05-19 09:50:00.441 | DEBUG    | __main__:run:290 | ----------------------------------------
2026-05-19 09:50:00.442 | INFO     | __main__:run:291 | SPOT: 上海“八分园”美术馆 | 上海市/市辖区/嘉定区/江桥镇
2026-05-19 09:50:00.442 | DEBUG    | __main__:run:295 | [1] 高德查询...
2026-05-19 09:50:00.528 | DEBUG    | backend.api.amap:_geo_to_address_once:164 | [高德] 逆地理完成，返回 5 个POI, 3 个AOI
2026-05-19 09:50:00.760 | DEBUG    | backend.api.amap:_name_to_poi_once:267 | [高德] 名称搜索完成，返回 1 个 POI
2026-05-19 09:50:00.761 | DEBUG    | backend.api.amap:query_candidates:345 | [高德] 候选去重后: 8 条
2026-05-19 09:50:00.762 | DEBUG    | backend.util.io:save_json:54 | [保存] /data/openclaw/tianmap-government/tmp/amap/20260519_095000_上海八分园美术馆_b9f66c98.json
2026-05-19 09:50:00.762 | DEBUG    | __main__:run:315 | [地址] 一致: 上海市//嘉定区/江桥镇
2026-05-19 09:50:00.762 | DEBUG    | __main__:run:323 | [2] Agent 筛选高德...
2026-05-19 09:50:02.464 | DEBUG    | __main__:select_type:113 | [选择] 自检通过: type=poi source=geo_poi id=B0FFHQ3U9K
2026-05-19 09:50:02.464 | DEBUG    | __main__:run:345 | [名称] 不一致: DB=上海“八分园”美术馆 → agent=八分园
2026-05-19 09:50:02.464 | DEBUG    | __main__:run:347 | [选择] geo_poi | 31.94m | 第5名 | 前面: 华江·嘉城(geo_aoi), 华江·嘉城幸福港(geo_aoi), 兴业银行(嘉怡路社区支行)(geo_poi), 中国工商银行(江桥支行)(geo_poi)
2026-05-19 09:50:02.464 | DEBUG    | __main__:run:352 | [理由] SPOT名称'上海八分园美术馆'为单体文化点位。候选列表中@e15'八分园'（geo_poi，距离31.94米）名称高度匹配，地址嘉怡路151号与逆地理地址嘉怡路163号同路且距离最近，高德类型标注为'科教文化服务'，符合美术馆属性。其他候选均为住宅小区或银行，不匹配。 (1次成功)
2026-05-19 09:50:02.464 | DEBUG    | __main__:run:355 | [3] Agent 标注分类...
2026-05-19 09:50:38.842 | DEBUG    | backend.api.hermes:chat_return_json:92 | [Hermes] JSON 解析失败: Extra data: line 11 column 1 (char 248)
2026-05-19 09:50:55.517 | DEBUG    | __main__:annotate_category:189 | [标注] 自检通过: 文化旅游/文化景区
2026-05-19 09:50:55.517 | DEBUG    | __main__:run:363 | [标注] {"name": "上海八分园美术馆", "affiliation": "文化旅游", "point_type": "文化景区", "level": "信息待补充", "feature": "由Wutopia Lab设计师俞挺主持设计的微型文化综合体，原为小区售楼处改造，内设美术馆、搪瓷展览馆、咖啡厅、图书室等功能，拥有穿孔铝板折扇形态圆柱形建筑外观，内含中国百年搪瓷展览馆", "parent_company": "信息待补充", "constructor": "Wutopia Lab"} (1次成功)
2026-05-19 09:50:55.518 | DEBUG    | __main__:run:366 | [4] 入库...
2026-05-19 09:50:55.523 | INFO     | __main__:save_result:264 | [入库] poi_id=b9f66c98-c86c-4b89-9aa3-8c4c5e95b41b 文化旅游/文化景区 rgb(255,0,255)/260000
2026-05-19 09:50:55.524 | INFO     | __main__:save_result:265 | [记录] {"name": ["上海八分园美术馆", "上海“八分园”美术馆"]}
2026-05-19 09:50:55.531 | DEBUG    | __main__:run:290 | ----------------------------------------
2026-05-19 09:50:55.532 | INFO     | __main__:run:291 | SPOT: 威孚金宁 | 江苏省/南京市/浦口区/泰山街道
2026-05-19 09:50:55.532 | DEBUG    | __main__:run:295 | [1] 高德查询...
2026-05-19 09:50:55.614 | DEBUG    | backend.api.amap:_geo_to_address_once:164 | [高德] 逆地理完成，返回 5 个POI, 1 个AOI
2026-05-19 09:50:55.665 | DEBUG    | backend.api.amap:_name_to_poi_once:267 | [高德] 名称搜索完成，返回 3 个 POI
2026-05-19 09:50:55.666 | DEBUG    | backend.api.amap:query_candidates:345 | [高德] 候选去重后: 7 条
2026-05-19 09:50:55.667 | DEBUG    | backend.util.io:save_json:54 | [保存] /data/openclaw/tianmap-government/tmp/amap/20260519_095055_威孚金宁_64586538.json
2026-05-19 09:50:55.667 | DEBUG    | __main__:run:315 | [地址] 一致: 江苏省/南京市/浦口区/泰山街道
2026-05-19 09:50:55.667 | DEBUG    | __main__:run:323 | [2] Agent 筛选高德...
2026-05-19 09:50:57.407 | DEBUG    | __main__:select_type:113 | [选择] 自检通过: type=poi source=geo_poi id=B00190Z2S9
2026-05-19 09:50:57.408 | DEBUG    | __main__:run:345 | [名称] 不一致: DB=威孚金宁 → agent=南京威孚金宁有限公司
2026-05-19 09:50:57.408 | DEBUG    | __main__:run:347 | [选择] geo_poi | 117.44m | 第4名 | 前面: 花道体育篮球羽毛球综合馆(柳园路店)(geo_poi), 乐卓博威液压科技(上海)有限公司南京分公司(geo_poi), 南京远泰机动车检测有限公司(geo_poi)
2026-05-19 09:50:57.408 | DEBUG    | __main__:run:352 | [理由] 威孚金宁为单体企业点位，候选4条geo_poi精确匹配。候选4（南京威孚金宁有限公司）地址为江北新区柳州北路12号，与逆地理地址高度一致，距离117.44米最近且名称完全匹配；候选5名称含'技术中心'为分支机构且距离更远；候选7虽同名但距离8373米显然非同一地点。无geo_aoi候选。 (1次成功)
2026-05-19 09:50:57.408 | DEBUG    | __main__:run:355 | [3] Agent 标注分类...
2026-05-19 09:51:39.905 | DEBUG    | __main__:annotate_category:189 | [标注] 自检通过: 国企平台/三级及以下子公司
2026-05-19 09:51:39.905 | DEBUG    | __main__:run:363 | [标注] {"name": "南京威孚金宁有限公司", "affiliation": "国企平台", "point_type": "三级及以下子公司", "level": "江苏省国企", "feature": "威孚高科控股子公司，国家级专精特新小巨人企业、高新技术企业，国内唯一专业柴油机VE型分配泵制造企业，专业从事燃油喷射系统研发生产", "parent_company": "无锡产业发展集团有限公司 → 无锡威孚高科技集团股份有限公司", "constructor": "信息待补充"} (1次成功)
2026-05-19 09:51:39.905 | DEBUG    | __main__:run:366 | [4] 入库...
2026-05-19 09:51:39.908 | INFO     | __main__:save_result:264 | [入库] poi_id=64586538-1dd7-45df-9881-31b39af58a4e 国企平台/三级及以下子公司 rgb(255,187,51)/220000
2026-05-19 09:51:39.909 | INFO     | __main__:save_result:265 | [记录] {"name": ["南京威孚金宁有限公司", "威孚金宁"]}
2026-05-19 09:51:39.916 | DEBUG    | __main__:run:290 | ----------------------------------------
2026-05-19 09:51:39.917 | INFO     | __main__:run:291 | SPOT: 慢城枕松度假酒店 | 江苏省/南京市/高淳区/桠溪街道
2026-05-19 09:51:39.917 | DEBUG    | __main__:run:295 | [1] 高德查询...
2026-05-19 09:51:40.010 | DEBUG    | backend.api.amap:_geo_to_address_once:164 | [高德] 逆地理完成，返回 5 个POI, 2 个AOI
2026-05-19 09:51:40.047 | DEBUG    | backend.api.amap:_name_to_poi_once:267 | [高德] 名称搜索完成，返回 1 个 POI
2026-05-19 09:51:40.047 | DEBUG    | backend.api.amap:query_candidates:345 | [高德] 候选去重后: 6 条
2026-05-19 09:51:40.049 | DEBUG    | backend.util.io:save_json:54 | [保存] /data/openclaw/tianmap-government/tmp/amap/20260519_095140_慢城枕松度假酒店_80b301d4.json
2026-05-19 09:51:40.049 | DEBUG    | __main__:run:315 | [地址] 一致: 江苏省/南京市/高淳区/桠溪街道
2026-05-19 09:51:40.049 | DEBUG    | __main__:run:323 | [2] Agent 筛选高德...
2026-05-19 09:51:41.446 | DEBUG    | __main__:select_type:113 | [选择] 自检通过: type=poi source=geo_poi id=B0FFGZYZXF
2026-05-19 09:51:41.446 | DEBUG    | __main__:run:345 | [名称] 不一致: DB=慢城枕松度假酒店 → agent=南京枕松度假民宿
2026-05-19 09:51:41.446 | DEBUG    | __main__:run:347 | [选择] geo_poi | 38.02m | 第2名 | 前面: 南京高淳国际慢城(geo_aoi)
2026-05-19 09:51:41.446 | DEBUG    | __main__:run:352 | [理由] 慢城枕松度假酒店为单体住宿点位，候选中南京枕松度假民宿距离最近(38.02m)，名称高度匹配且同属住宿服务类别，应为同一地点的不同表述 (1次成功)
2026-05-19 09:51:41.447 | DEBUG    | __main__:run:355 | [3] Agent 标注分类...
2026-05-19 09:52:19.819 | DEBUG    | __main__:annotate_category:189 | [标注] 自检通过: 商业服务/酒店
2026-05-19 09:52:19.819 | DEBUG    | __main__:run:363 | [标注] {"name": "慢城枕松度假酒店", "affiliation": "商业服务", "point_type": "酒店", "level": "信息待补充", "feature": "位于高淳国际慢城内的国有自主品牌度假酒店，坐落在松树林中可俯瞰月光湖景，2016年开业，依托慢城生态风光打造精品度假体验", "parent_company": "南京枕松酒店有限公司", "constructor": "信息待补充"} (1次成功)
2026-05-19 09:52:19.820 | DEBUG    | __main__:run:366 | [4] 入库...
2026-05-19 09:52:19.822 | INFO     | __main__:save_result:264 | [入库] poi_id=80b301d4-2a24-45b2-857f-006bb17e4cd4 商业服务/酒店 rgb(51,187,255)/120000
2026-05-19 09:52:19.823 | INFO     | __main__:save_result:265 | [记录] 
2026-05-19 09:52:19.831 | DEBUG    | __main__:run:290 | ----------------------------------------
2026-05-19 09:52:19.831 | INFO     | __main__:run:291 | SPOT: 白洋湖服务区 | 江苏省/苏州市/吴中区/郭巷街道
2026-05-19 09:52:19.831 | DEBUG    | __main__:run:295 | [1] 高德查询...
2026-05-19 09:52:19.921 | DEBUG    | backend.api.amap:_geo_to_address_once:164 | [高德] 逆地理完成，返回 5 个POI, 1 个AOI
2026-05-19 09:52:19.993 | DEBUG    | backend.api.amap:_name_to_poi_once:267 | [高德] 名称搜索完成，返回 5 个 POI
2026-05-19 09:52:19.994 | DEBUG    | backend.api.amap:query_candidates:345 | [高德] 候选去重后: 8 条
2026-05-19 09:52:19.995 | DEBUG    | backend.util.io:save_json:54 | [保存] /data/openclaw/tianmap-government/tmp/amap/20260519_095219_白洋湖服务区_bf9108aa.json
2026-05-19 09:52:19.995 | DEBUG    | __main__:run:315 | [地址] 一致: 江苏省/苏州市/吴中区/郭巷街道
2026-05-19 09:52:19.995 | DEBUG    | __main__:run:323 | [2] Agent 筛选高德...
2026-05-19 09:52:22.108 | DEBUG    | __main__:select_type:113 | [选择] 自检通过: type=poi source=geo_poi id=B02000IQ6S
2026-05-19 09:52:22.108 | DEBUG    | __main__:run:345 | [名称] 不一致: DB=白洋湖服务区 → agent=白洋湖服务区(常台高速常熟方向)
2026-05-19 09:52:22.108 | DEBUG    | __main__:run:347 | [选择] geo_poi | 18.1m | 第2名 | 前面: 白洋湖服务区超市(name_poi)
2026-05-19 09:52:22.108 | DEBUG    | __main__:run:352 | [理由] 白洋湖服务区是高速服务区的单体点位，非片区/商圈。候选第2条名称完全匹配SPOT名称且为高速服务区主体POI，距离18.1米最近，类型道路附属设施;服务区;高速服务区也完全吻合。其他候选为服务区内部的超市、餐厅、厕所等附属设施，不应作为主体匹配。 (1次成功)
2026-05-19 09:52:22.109 | DEBUG    | __main__:run:355 | [3] Agent 标注分类...
2026-05-19 09:53:09.158 | DEBUG    | __main__:annotate_category:189 | [标注] 自检通过: 基础设施/交通设施
2026-05-19 09:53:09.158 | DEBUG    | __main__:run:363 | [标注] {"name": "白洋湖服务区(常台高速常熟方向)", "affiliation": "基础设施", "point_type": "交通设施", "level": "5星级服务区", "feature": "位于常台高速（原苏嘉杭高速）苏州段吴中区郭巷街道，获评国家级\"司机之家\"和江苏5星级高速服务区，设施豪华便捷，连锁店众多", "parent_company": "苏州交投集团 → 苏州国有资本投资集团有限公司", "constructor": "信息待补充"} (1次成功)
2026-05-19 09:53:09.158 | DEBUG    | __main__:run:366 | [4] 入库...
2026-05-19 09:53:09.160 | INFO     | __main__:save_result:264 | [入库] poi_id=bf9108aa-24fb-47a5-b9c6-2755ebe5b3ad 基础设施/交通设施 rgb(100,100,100)/250000
2026-05-19 09:53:09.160 | INFO     | __main__:save_result:265 | [记录] {"name": ["白洋湖服务区(常台高速常熟方向)", "白洋湖服务区"]}
2026-05-19 09:53:09.167 | DEBUG    | __main__:run:290 | ----------------------------------------
2026-05-19 09:53:09.168 | INFO     | __main__:run:291 | SPOT: 阳山水蜜桃交易市场 | 江苏省/无锡市/惠山区/阳山镇
2026-05-19 09:53:09.168 | DEBUG    | __main__:run:295 | [1] 高德查询...
2026-05-19 09:53:09.262 | DEBUG    | backend.api.amap:_geo_to_address_once:164 | [高德] 逆地理完成，返回 5 个POI, 0 个AOI
2026-05-19 09:53:09.357 | DEBUG    | backend.api.amap:_name_to_poi_once:267 | [高德] 名称搜索完成，返回 5 个 POI
2026-05-19 09:53:09.357 | DEBUG    | backend.api.amap:query_candidates:345 | [高德] 候选去重后: 10 条
2026-05-19 09:53:09.359 | DEBUG    | backend.util.io:save_json:54 | [保存] /data/openclaw/tianmap-government/tmp/amap/20260519_095309_阳山水蜜桃交易市场_cc274f41.json
2026-05-19 09:53:09.359 | DEBUG    | __main__:run:315 | [地址] 一致: 江苏省/无锡市/惠山区/阳山镇
2026-05-19 09:53:09.359 | DEBUG    | __main__:run:323 | [2] Agent 筛选高德...
2026-05-19 09:53:10.885 | DEBUG    | __main__:select_type:113 | [选择] 自检通过: type=poi source=name_poi id=B0JDO5DBN0
2026-05-19 09:53:10.885 | DEBUG    | __main__:run:345 | [名称] 不一致: DB=阳山水蜜桃交易市场 → agent=阳山水蜜桃批发市场
2026-05-19 09:53:10.885 | DEBUG    | __main__:run:349 | [选择] name_poi | 25.39m | 第1名
2026-05-19 09:53:10.885 | DEBUG    | __main__:run:352 | [理由] SPOT为单体点位（交易市场），候选1'阳山水蜜桃批发市场'距离仅25米，名称高度匹配且位于桃溪路，类型为果品市场，是最接近的匹配项。其余候选距离较远或类型不符（采摘园、村庄、销售市场等）。 (1次成功)
2026-05-19 09:53:10.885 | DEBUG    | __main__:run:355 | [3] Agent 标注分类...
2026-05-19 09:53:46.766 | DEBUG    | __main__:annotate_category:189 | [标注] 自检通过: 商业服务/商超
2026-05-19 09:53:46.767 | DEBUG    | __main__:run:363 | [标注] {"name": "阳山水蜜桃交易市场", "affiliation": "商业服务", "point_type": "商超", "level": "信息待补充", "feature": "无锡阳山特色水蜜桃集中交易市场，服务于本地桃农和经纪人，具有明显季节性特征，原市场于新渎社区已拆迁，目前以临时交易市场为主，新市场正在规划建设中", "parent_company": "阳山镇政府", "constructor": "阳山镇政府"} (1次成功)
2026-05-19 09:53:46.767 | DEBUG    | __main__:run:366 | [4] 入库...
2026-05-19 09:53:46.770 | INFO     | __main__:save_result:264 | [入库] poi_id=cc274f41-36f9-4070-ac94-d85b98b787ae 商业服务/商超 rgb(51,187,255)/130000
2026-05-19 09:53:46.770 | INFO     | __main__:save_result:265 | [记录] 
2026-05-19 09:53:46.778 | DEBUG    | __main__:run:290 | ----------------------------------------
2026-05-19 09:53:46.778 | INFO     | __main__:run:291 | SPOT: 杭州市实验学校 | 浙江省/杭州市/拱墅区/祥符街道
2026-05-19 09:53:46.779 | DEBUG    | __main__:run:295 | [1] 高德查询...
2026-05-19 09:53:46.850 | DEBUG    | backend.api.amap:_geo_to_address_once:164 | [高德] 逆地理完成，返回 5 个POI, 1 个AOI
2026-05-19 09:53:47.193 | DEBUG    | backend.api.amap:_name_to_poi_once:267 | [高德] 名称搜索完成，返回 5 个 POI
2026-05-19 09:53:47.194 | DEBUG    | backend.api.amap:query_candidates:345 | [高德] 候选去重后: 9 条
2026-05-19 09:53:47.195 | DEBUG    | backend.util.io:save_json:54 | [保存] /data/openclaw/tianmap-government/tmp/amap/20260519_095347_杭州市实验学校_9cb00e8c.json
2026-05-19 09:53:47.196 | DEBUG    | __main__:run:315 | [地址] 一致: 浙江省/杭州市/拱墅区/祥符街道
2026-05-19 09:53:47.196 | DEBUG    | __main__:run:323 | [2] Agent 筛选高德...
2026-05-19 09:53:48.694 | DEBUG    | __main__:select_type:113 | [选择] 自检通过: type=poi source=geo_poi id=B0J29STYTK
2026-05-19 09:53:48.695 | DEBUG    | __main__:run:343 | [名称] 一致: 杭州市实验学校
2026-05-19 09:53:48.695 | DEBUG    | __main__:run:349 | [选择] geo_poi | 48.52m | 第1名
2026-05-19 09:53:48.695 | DEBUG    | __main__:run:352 | [理由] 杭州市实验学校是单体学校点位，候选1名称完全匹配且距离仅48.52米，地址祥符街道和睦路785号与逆地理地址花园岗巷75-78号同属祥符街道和睦路区域，高度吻合。 (1次成功)
2026-05-19 09:53:48.695 | DEBUG    | __main__:run:355 | [3] Agent 标注分类...
2026-05-19 09:54:36.467 | DEBUG    | __main__:annotate_category:189 | [标注] 自检通过: 事业单位/学校
2026-05-19 09:54:36.468 | DEBUG    | __main__:run:363 | [标注] {"name": "杭州市实验学校", "affiliation": "事业单位", "point_type": "学校", "level": "二级事业单位，财政全额拨款", "feature": "拱墅区公办九年一贯制学校，隶属华附教育集团，总投资10.7亿元，占地78.3亩，2025年9月投入使用，课程体系以健康科学人文为支柱形成小问号课堂", "parent_company": "杭州市拱墅区教育局 & 华附教育集团", "constructor": "信息待补充"} (1次成功)
2026-05-19 09:54:36.468 | DEBUG    | __main__:run:366 | [4] 入库...
2026-05-19 09:54:36.471 | INFO     | __main__:save_result:264 | [入库] poi_id=9cb00e8c-51f3-4425-8cc3-796382049620 事业单位/学校 rgb(255,117,51)/160000
2026-05-19 09:54:36.471 | INFO     | __main__:save_result:265 | [记录] 
2026-05-19 09:54:36.479 | DEBUG    | __main__:run:290 | ----------------------------------------
2026-05-19 09:54:36.479 | INFO     | __main__:run:291 | SPOT: 茅山服务区 | 江苏省/常州市/金坛区/薛埠镇
2026-05-19 09:54:36.480 | DEBUG    | __main__:run:295 | [1] 高德查询...
2026-05-19 09:54:36.570 | DEBUG    | backend.api.amap:_geo_to_address_once:164 | [高德] 逆地理完成，返回 5 个POI, 2 个AOI
2026-05-19 09:54:36.699 | DEBUG    | backend.api.amap:_name_to_poi_once:267 | [高德] 名称搜索完成，返回 5 个 POI
2026-05-19 09:54:36.700 | DEBUG    | backend.api.amap:query_candidates:345 | [高德] 候选去重后: 10 条
2026-05-19 09:54:36.701 | DEBUG    | backend.util.io:save_json:54 | [保存] /data/openclaw/tianmap-government/tmp/amap/20260519_095436_茅山服务区_65c47ba0.json
2026-05-19 09:54:36.701 | DEBUG    | __main__:run:315 | [地址] 一致: 江苏省/常州市/金坛区/薛埠镇
2026-05-19 09:54:36.701 | DEBUG    | __main__:run:323 | [2] Agent 筛选高德...
2026-05-19 09:54:49.923 | DEBUG    | __main__:select_type:113 | [选择] 自检通过: type=aoi source=geo_aoi id=B020705NOC
2026-05-19 09:54:49.923 | DEBUG    | __main__:run:343 | [名称] 一致: 茅山服务区
2026-05-19 09:54:49.923 | DEBUG    | __main__:run:349 | [选择] geo_aoi | 0.0m | 第1名
2026-05-19 09:54:49.923 | DEBUG    | __main__:run:352 | [理由] 茅山服务区为高速公路服务区（道路附属设施），属于独立交通基础设施点位。geo_aoi 返回的'茅山服务区'(B020705NOC) 名称完全匹配，距离 0.0，amap_type 为'道路附属设施;服务区;高速服务区'，是最准确的匹配项。 (1次成功)
2026-05-19 09:54:49.923 | DEBUG    | __main__:run:355 | [3] Agent 标注分类...
2026-05-19 09:55:20.114 | DEBUG    | __main__:annotate_category:189 | [标注] 自检通过: 基础设施/交通设施
2026-05-19 09:55:20.115 | DEBUG    | __main__:run:363 | [标注] {"name": "茅山服务区", "affiliation": "基础设施", "point_type": "交通设施", "level": "信息待补充", "feature": "位于沪武高速，地处金坛茅山旅游度假区内，被称为江苏最美服务区", "parent_company": "江苏宁常镇溧高速公路有限公司", "constructor": "信息待补充"} (1次成功)
2026-05-19 09:55:20.115 | DEBUG    | __main__:run:366 | [4] 入库...
2026-05-19 09:55:20.118 | INFO     | __main__:save_result:264 | [入库] poi_id=65c47ba0-f9e9-44f3-9bf6-19cb369dd2ff 基础设施/交通设施 rgb(100,100,100)/250000
2026-05-19 09:55:20.118 | INFO     | __main__:save_result:265 | [记录] 
2026-05-19 09:55:20.126 | DEBUG    | __main__:run:290 | ----------------------------------------
2026-05-19 09:55:20.126 | INFO     | __main__:run:291 | SPOT: 田园东方二期 | 江苏省/无锡市/惠山区/阳山镇
2026-05-19 09:55:20.126 | DEBUG    | __main__:run:295 | [1] 高德查询...
2026-05-19 09:55:20.234 | DEBUG    | backend.api.amap:_geo_to_address_once:164 | [高德] 逆地理完成，返回 5 个POI, 0 个AOI
2026-05-19 09:55:20.293 | DEBUG    | backend.api.amap:_name_to_poi_once:267 | [高德] 名称搜索完成，返回 5 个 POI
2026-05-19 09:55:20.294 | DEBUG    | backend.api.amap:query_candidates:345 | [高德] 候选去重后: 10 条
2026-05-19 09:55:20.295 | DEBUG    | backend.util.io:save_json:54 | [保存] /data/openclaw/tianmap-government/tmp/amap/20260519_095520_田园东方二期_e5d67f3b.json
2026-05-19 09:55:20.296 | DEBUG    | __main__:run:315 | [地址] 一致: 江苏省/无锡市/惠山区/阳山镇
2026-05-19 09:55:20.296 | DEBUG    | __main__:run:323 | [2] Agent 筛选高德...
2026-05-19 09:55:21.564 | DEBUG    | __main__:run:330 | [选择] 不使用 Amap 数据
2026-05-19 09:55:21.564 | DEBUG    | __main__:run:331 | [理由] SPOT'田园东方二期'为片区/二期建筑群，非单体点位。候选中无AOI数据，有geo_poi和name_poi但均为二期内的子要素（游客中心、北区、公司、果园等），与'二期'本身不直接匹配。不使用Amap候选，后续仅基于SPOT名称进行标注分类。 (1次成功)
2026-05-19 09:55:21.564 | DEBUG    | __main__:run:355 | [3] Agent 标注分类...
2026-05-19 09:56:32.314 | DEBUG    | __main__:annotate_category:189 | [标注] 自检通过: 文化旅游/文化景区
2026-05-19 09:56:32.315 | DEBUG    | __main__:run:363 | [标注] {"name": "田园东方二期", "affiliation": "文化旅游", "point_type": "文化景区", "level": "田园综合体", "feature": "国内首个田园综合体项目二期，位于无锡阳山镇，建设面积约440公顷，包含现代农业、休闲文旅、田园社区三大板块，由东方园林产业集团投资约50亿元建设", "parent_company": "东方园林产业集团", "constructor": "东方园林产业集团"} (1次成功)
2026-05-19 09:56:32.315 | DEBUG    | __main__:run:366 | [4] 入库...
2026-05-19 09:56:32.318 | INFO     | __main__:save_result:264 | [入库] poi_id=e5d67f3b-c379-419a-9a83-61d7d0764224 文化旅游/文化景区 rgb(255,0,255)/260000
2026-05-19 09:56:32.318 | INFO     | __main__:save_result:265 | [记录] 
2026-05-19 09:56:32.325 | DEBUG    | __main__:run:290 | ----------------------------------------
2026-05-19 09:56:32.325 | INFO     | __main__:run:291 | SPOT: 辉盛阁FRASER SUITES | 辽宁省/大连市/中山区/人民路街道
2026-05-19 09:56:32.326 | DEBUG    | __main__:run:295 | [1] 高德查询...
2026-05-19 09:56:32.401 | DEBUG    | backend.api.amap:_geo_to_address_once:164 | [高德] 逆地理完成，返回 5 个POI, 2 个AOI
2026-05-19 09:56:32.456 | DEBUG    | backend.api.amap:_name_to_poi_once:267 | [高德] 名称搜索完成，返回 5 个 POI
2026-05-19 09:56:32.456 | DEBUG    | backend.api.amap:query_candidates:345 | [高德] 候选去重后: 12 条
2026-05-19 09:56:32.458 | DEBUG    | backend.util.io:save_json:54 | [保存] /data/openclaw/tianmap-government/tmp/amap/20260519_095632_辉盛阁FRASERSUITES_634461c4.json
2026-05-19 09:56:32.458 | DEBUG    | __main__:run:317 | [地址] 不一致: DB=人民路街道 → 高德=海军广场街道
2026-05-19 09:56:32.458 | DEBUG    | __main__:run:323 | [2] Agent 筛选高德...
2026-05-19 09:56:45.644 | DEBUG    | __main__:run:330 | [选择] 不使用 Amap 数据
2026-05-19 09:56:45.644 | DEBUG    | __main__:run:331 | [理由] 辉盛阁FRASER SUITES是国际服务式公寓品牌名称，属于单体建筑/独立点位。候选列表中无完全匹配'辉盛阁FRASER SUITES'的geo_poi或name_poi，仅有'辉盛阁国际公寓'相关条目（停车场、健身中心），均非目标建筑本体。凯丹广场/凯丹天地为AOI片区，非目标。候选无合适结果，selected_type为none，后续仅基于SPOT名称标注。 (1次成功)
2026-05-19 09:56:45.644 | DEBUG    | __main__:run:355 | [3] Agent 标注分类...
2026-05-19 09:58:02.932 | DEBUG    | __main__:annotate_category:189 | [标注] 自检通过: 商业服务/酒店
2026-05-19 09:58:02.933 | DEBUG    | __main__:run:363 | [标注] {"name": "辉盛阁FRASER SUITES", "affiliation": "商业服务", "point_type": "酒店", "level": "五星级", "feature": "新加坡星狮集团旗下豪华服务式公寓品牌（Fraser Suites），位于大连东港中央商务区港隆路30号（Europark首要大厦），2018年开业，共258间客房，配备室内游泳池、健身中心、全套厨房设施，可直达购物中心", "parent_company": "星狮地产集团 → 辉盛国际", "constructor": "大连辉盛房地产开发经营有限公司"} (1次成功)
2026-05-19 09:58:02.933 | DEBUG    | __main__:run:366 | [4] 入库...
2026-05-19 09:58:02.935 | INFO     | __main__:save_result:264 | [入库] poi_id=634461c4-7959-47a1-863e-c7ec4fc226f9 商业服务/酒店 rgb(51,187,255)/120000
2026-05-19 09:58:02.935 | INFO     | __main__:save_result:265 | [记录] {"township": ["海军广场街道", "人民路街道"]}
2026-05-19 09:58:02.939 | DEBUG    | __main__:run:290 | ----------------------------------------
2026-05-19 09:58:02.939 | INFO     | __main__:run:291 | SPOT: 小米南京科技园 | 江苏省/南京市/建邺区/
2026-05-19 09:58:02.939 | DEBUG    | __main__:run:295 | [1] 高德查询...
2026-05-19 09:58:03.020 | DEBUG    | backend.api.amap:_geo_to_address_once:164 | [高德] 逆地理完成，返回 5 个POI, 1 个AOI
2026-05-19 09:58:03.071 | DEBUG    | backend.api.amap:_name_to_poi_once:267 | [高德] 名称搜索完成，返回 4 个 POI
2026-05-19 09:58:03.072 | DEBUG    | backend.api.amap:query_candidates:345 | [高德] 候选去重后: 7 条
2026-05-19 09:58:03.073 | DEBUG    | backend.util.io:save_json:54 | [保存] /data/openclaw/tianmap-government/tmp/amap/20260519_095803_小米南京科技园_bcbf176a.json
2026-05-19 09:58:03.073 | DEBUG    | __main__:run:315 | [地址] 一致: 江苏省/南京市/建邺区/沙洲街道
2026-05-19 09:58:03.073 | DEBUG    | __main__:run:323 | [2] Agent 筛选高德...
2026-05-19 09:58:04.835 | DEBUG    | __main__:select_type:113 | [选择] 自检通过: type=poi source=geo_poi id=B0L117MB69
2026-05-19 09:58:04.836 | DEBUG    | __main__:run:345 | [名称] 不一致: DB=小米南京科技园 → agent=小米南京科技园B栋
2026-05-19 09:58:04.836 | DEBUG    | __main__:run:347 | [选择] geo_poi | 43.54m | 第2名 | 前面: 小米南京科技园C栋(name_poi)
2026-05-19 09:58:04.836 | DEBUG    | __main__:run:352 | [理由] 小米南京科技园为单体产业园区，逆地理地址明确指向B栋。候选中geo_poi来源的小米南京科技园B栋距离43.54米最接近实际坐标，且名称与逆地理地址中的'B栋'完全匹配。name_poi来源的C栋距离34.3米但实际坐标偏差较大(经度差0.0008度)，且SPOT名称未特指C栋。 (1次成功)
2026-05-19 09:58:04.836 | DEBUG    | __main__:run:355 | [3] Agent 标注分类...
2026-05-19 09:58:33.037 | DEBUG    | __main__:annotate_category:189 | [标注] 自检通过: 民营企业/民营独资
2026-05-19 09:58:33.038 | DEBUG    | __main__:run:363 | [标注] {"name": "小米南京科技园B栋", "affiliation": "民营企业", "point_type": "民营独资", "level": "世界500强", "feature": "小米集团除北京总部外最主要的软件研发中心之一，承担操作系统与软件开发业务，覆盖互联网业务部、汽车业务部等多个部门，截至2024年5月已集聚3000余名本科及以上学历人才，其中硕博占比达1/3，建筑面积36.5万平方米", "parent_company": "小米集团", "constructor": "信息待补充"} (1次成功)
2026-05-19 09:58:33.038 | DEBUG    | __main__:run:366 | [4] 入库...
2026-05-19 09:58:33.041 | INFO     | __main__:save_result:264 | [入库] poi_id=bcbf176a-c011-4497-8e03-87556b3d4b56 民营企业/民营独资 rgb(112,243,255)/220000
2026-05-19 09:58:33.041 | INFO     | __main__:save_result:265 | [记录] {"name": ["小米南京科技园B栋", "小米南京科技园"]}
2026-05-19 09:58:33.049 | DEBUG    | __main__:run:290 | ----------------------------------------
2026-05-19 09:58:33.050 | INFO     | __main__:run:291 | SPOT: 一木野咖（大桥驿） | 浙江省/杭州市/滨江区/
2026-05-19 09:58:33.050 | DEBUG    | __main__:run:295 | [1] 高德查询...
2026-05-19 09:58:33.174 | DEBUG    | backend.api.amap:_geo_to_address_once:164 | [高德] 逆地理完成，返回 5 个POI, 1 个AOI
2026-05-19 09:58:33.284 | DEBUG    | backend.api.amap:_name_to_poi_once:267 | [高德] 名称搜索完成，返回 3 个 POI
2026-05-19 09:58:33.285 | DEBUG    | backend.api.amap:query_candidates:345 | [高德] 候选去重后: 9 条
2026-05-19 09:58:33.286 | DEBUG    | backend.util.io:save_json:54 | [保存] /data/openclaw/tianmap-government/tmp/amap/20260519_095833_一木野咖大桥驿_502eda06.json
2026-05-19 09:58:33.286 | DEBUG    | __main__:run:315 | [地址] 一致: 浙江省/杭州市/滨江区/浦沿街道
2026-05-19 09:58:33.287 | DEBUG    | __main__:run:323 | [2] Agent 筛选高德...
2026-05-19 09:58:35.252 | DEBUG    | backend.api.hermes:chat_return_json:92 | [Hermes] JSON 解析失败: Expecting ',' delimiter: line 8 column 53 (char 187)
2026-05-19 09:58:36.366 | DEBUG    | __main__:select_type:113 | [选择] 自检通过: type=poi source=geo_poi id=B0KGCS20JE
2026-05-19 09:58:36.366 | DEBUG    | __main__:run:345 | [名称] 不一致: DB=一木野咖（大桥驿） → agent=一木野咖·酒吧
2026-05-19 09:58:36.367 | DEBUG    | __main__:run:347 | [选择] geo_poi | 17.18m | 第2名 | 前面: 海外高层次人才创新创业基地(geo_aoi)
2026-05-19 09:58:36.367 | DEBUG    | __main__:run:352 | [理由] SPOT名称'一木野咖（大桥驿）'为单体商业点位（咖啡店/酒吧），非片区/商圈。候选中'B0KGCS20JE 一木野咖·酒吧'为同名POI，距离17.18米，类型明确为酒吧，匹配度最高。 (1次成功)
2026-05-19 09:58:36.367 | DEBUG    | __main__:run:355 | [3] Agent 标注分类...
2026-05-19 09:58:36.893 | WARNING  | __main__:annotate_category:171 | [标注] 缺少字段: ['affiliation', 'point_type', 'level', 'feature', 'parent_company', 'constructor']，重试
2026-05-19 10:00:04.781 | DEBUG    | backend.api.hermes:chat_return_json:87 | [Hermes] 响应中未找到 JSON 对象
2026-05-19 10:00:54.360 | DEBUG    | __main__:annotate_category:189 | [标注] 自检通过: 商业服务/餐饮
2026-05-19 10:00:54.361 | DEBUG    | __main__:run:363 | [标注] {"name": "一木野咖（大桥驿）", "affiliation": "商业服务", "point_type": "餐饮", "level": "信息待补充", "feature": "日间咖啡夜间酒吧的复合型餐饮空间，人均约44元，营业时间10:00至次日03:00，位于滨江闻涛路樱花大道沿线", "parent_company": "杭州壹开企业管理有限公司", "constructor": "信息待补充"} (2次成功)
2026-05-19 10:00:54.361 | DEBUG    | __main__:run:366 | [4] 入库...
2026-05-19 10:00:54.364 | INFO     | __main__:save_result:264 | [入库] poi_id=502eda06-7977-4933-9f00-503ddd9f48a4 商业服务/餐饮 rgb(51,187,255)/110000
2026-05-19 10:00:54.364 | INFO     | __main__:save_result:265 | [记录] 
2026-05-19 10:00:54.370 | DEBUG    | __main__:run:290 | ----------------------------------------
2026-05-19 10:00:54.370 | INFO     | __main__:run:291 | SPOT: 钱叔叔家 | 江苏省/南京市/建邺区/南苑街道
2026-05-19 10:00:54.370 | DEBUG    | __main__:run:295 | [1] 高德查询...
2026-05-19 10:00:54.450 | DEBUG    | backend.api.amap:_geo_to_address_once:164 | [高德] 逆地理完成，返回 5 个POI, 3 个AOI
2026-05-19 10:00:54.506 | DEBUG    | backend.api.amap:_name_to_poi_once:267 | [高德] 名称搜索完成，返回 5 个 POI
2026-05-19 10:00:54.507 | DEBUG    | backend.api.amap:query_candidates:345 | [高德] 候选去重后: 10 条
2026-05-19 10:00:54.508 | DEBUG    | backend.util.io:save_json:54 | [保存] /data/openclaw/tianmap-government/tmp/amap/20260519_100054_钱叔叔家_aa6c4fa0.json
2026-05-19 10:00:54.508 | DEBUG    | __main__:run:315 | [地址] 一致: 江苏省/南京市/建邺区/南苑街道
2026-05-19 10:00:54.508 | DEBUG    | __main__:run:323 | [2] Agent 筛选高德...
2026-05-19 10:00:56.445 | DEBUG    | __main__:run:330 | [选择] 不使用 Amap 数据
2026-05-19 10:00:56.445 | DEBUG    | __main__:run:331 | [理由] 钱叔叔家不是摄影冲印店'企鹅叔叔家庭影像'，候选中无匹配。前5条geo_poi均为小区/社区/幼儿园等无关POI，距离虽近但名称完全不匹配。SPOT名称'钱叔叔家'可能为餐饮、小吃等非标准商业点位，高德数据中未收录，按铁律选用none兜底，后续仅基于SPOT名称进行标注分类。 (1次成功)
2026-05-19 10:00:56.445 | DEBUG    | __main__:run:355 | [3] Agent 标注分类...
2026-05-19 10:02:05.697 | DEBUG    | __main__:annotate_category:189 | [标注] 自检通过: 商业服务/餐饮
2026-05-19 10:02:05.697 | DEBUG    | __main__:run:363 | [标注] {"name": "钱叔叔家", "affiliation": "商业服务", "point_type": "餐饮", "level": "信息待补充", "feature": "位于建邺区南苑街道的社区餐饮门店", "parent_company": "信息待补充", "constructor": "信息待补充"} (1次成功)
2026-05-19 10:02:05.697 | DEBUG    | __main__:run:366 | [4] 入库...
2026-05-19 10:02:05.699 | INFO     | __main__:save_result:264 | [入库] poi_id=aa6c4fa0-a89c-4ed6-9a80-b7f541271dbe 商业服务/餐饮 rgb(51,187,255)/110000
2026-05-19 10:02:05.699 | INFO     | __main__:save_result:265 | [记录] 
2026-05-19 10:02:05.705 | DEBUG    | __main__:run:290 | ----------------------------------------
2026-05-19 10:02:05.705 | INFO     | __main__:run:291 | SPOT: 小金渣肉饭 | 安徽省/芜湖市/镜湖区/范罗山街道
2026-05-19 10:02:05.705 | DEBUG    | __main__:run:295 | [1] 高德查询...
2026-05-19 10:02:05.773 | DEBUG    | backend.api.amap:_geo_to_address_once:164 | [高德] 逆地理完成，返回 5 个POI, 3 个AOI
2026-05-19 10:02:05.893 | DEBUG    | backend.api.amap:_name_to_poi_once:267 | [高德] 名称搜索完成，返回 5 个 POI
2026-05-19 10:02:05.893 | DEBUG    | backend.api.amap:query_candidates:345 | [高德] 候选去重后: 12 条
2026-05-19 10:02:05.895 | DEBUG    | backend.util.io:save_json:54 | [保存] /data/openclaw/tianmap-government/tmp/amap/20260519_100205_小金渣肉饭_1af9e728.json
2026-05-19 10:02:05.895 | DEBUG    | __main__:run:317 | [地址] 不一致: DB=范罗山街道 → 高德=大砻坊街道
2026-05-19 10:02:05.895 | DEBUG    | __main__:run:323 | [2] Agent 筛选高德...
2026-05-19 10:02:08.024 | DEBUG    | __main__:select_type:113 | [选择] 自检通过: type=poi source=name_poi id=B0FFH0QXLB
2026-05-19 10:02:08.024 | DEBUG    | __main__:run:345 | [名称] 不一致: DB=小金渣肉饭 → agent=小金蒸饭
2026-05-19 10:02:08.024 | DEBUG    | __main__:run:349 | [选择] name_poi | 4.63m | 第1名
2026-05-19 10:02:08.024 | DEBUG    | __main__:run:352 | [理由] SPOT名称为单体餐饮点位，优先选POI。距离最近且名称匹配的为'小金蒸饭'(4.63米)，位于同一地址盛峰大厦，'渣肉饭'与'蒸饭'为同品类，应为同一家店高德名称差异。 (1次成功)
2026-05-19 10:02:08.025 | DEBUG    | __main__:run:355 | [3] Agent 标注分类...
2026-05-19 10:02:20.069 | DEBUG    | __main__:annotate_category:189 | [标注] 自检通过: 商业服务/餐饮
2026-05-19 10:02:20.069 | DEBUG    | __main__:run:363 | [标注] {"name": "小金渣肉饭", "affiliation": "商业服务", "point_type": "餐饮", "level": "信息待补充", "feature": "芜湖镜湖区地方特色小吃店，主营渣肉蒸饭，创立于1988年，连续经营34年，选用南陵糯米与特制卤肉分层蒸制，配套风味豆脑和赤豆酒酿等传统早餐", "parent_company": "信息待补充", "constructor": "信息待补充"} (1次成功)
2026-05-19 10:02:20.069 | DEBUG    | __main__:run:366 | [4] 入库...
2026-05-19 10:02:20.073 | INFO     | __main__:save_result:264 | [入库] poi_id=1af9e728-e90c-4572-be75-6e9bbb0e56f6 商业服务/餐饮 rgb(51,187,255)/110000
2026-05-19 10:02:20.073 | INFO     | __main__:save_result:265 | [记录] {"township": ["大砻坊街道", "范罗山街道"]}
2026-05-19 10:02:20.081 | DEBUG    | __main__:run:290 | ----------------------------------------
2026-05-19 10:02:20.081 | INFO     | __main__:run:291 | SPOT: 华润总部大厦 | 广东省/深圳市/南山区/粤海街道
2026-05-19 10:02:20.081 | DEBUG    | __main__:run:295 | [1] 高德查询...
2026-05-19 10:02:20.156 | DEBUG    | backend.api.amap:_geo_to_address_once:164 | [高德] 逆地理完成，返回 5 个POI, 5 个AOI
2026-05-19 10:02:20.324 | DEBUG    | backend.api.amap:_name_to_poi_once:267 | [高德] 名称搜索完成，返回 5 个 POI
2026-05-19 10:02:20.325 | DEBUG    | backend.api.amap:query_candidates:345 | [高德] 候选去重后: 13 条
2026-05-19 10:02:20.326 | DEBUG    | backend.util.io:save_json:54 | [保存] /data/openclaw/tianmap-government/tmp/amap/20260519_100220_华润总部大厦_cf8b5232.json
2026-05-19 10:02:20.327 | DEBUG    | __main__:run:315 | [地址] 一致: 广东省/深圳市/南山区/粤海街道
2026-05-19 10:02:20.327 | DEBUG    | __main__:run:323 | [2] Agent 筛选高德...
2026-05-19 10:02:21.360 | DEBUG    | __main__:select_type:113 | [选择] 自检通过: type=poi source=geo_poi id=B0FFL9K0J5
2026-05-19 10:02:21.361 | DEBUG    | __main__:run:345 | [名称] 不一致: DB=华润总部大厦 → agent=中国华润大厦
2026-05-19 10:02:21.361 | DEBUG    | __main__:run:347 | [选择] geo_poi | 22.87m | 第4名 | 前面: 深圳湾万象城(geo_aoi), 汇丰银行(深圳湾支行)(geo_poi), 德事商务中心(中国华润大厦)(name_poi)
2026-05-19 10:02:21.361 | DEBUG    | __main__:run:352 | [理由] 华润总部大厦即中国华润大厦，为单体写字楼（地标建筑），属于商务住宅类别，优先选geo_poi中的完全匹配项 (1次成功)
2026-05-19 10:02:21.361 | DEBUG    | __main__:run:355 | [3] Agent 标注分类...
2026-05-19 10:02:21.938 | WARNING  | __main__:annotate_category:171 | [标注] 缺少字段: ['affiliation', 'point_type', 'level', 'feature', 'parent_company', 'constructor']，重试
2026-05-19 10:02:42.899 | DEBUG    | __main__:annotate_category:189 | [标注] 自检通过: 商业服务/写字楼
2026-05-19 10:02:42.899 | DEBUG    | __main__:run:363 | [标注] {"name": "中国华润大厦", "affiliation": "商业服务", "point_type": "写字楼", "level": "392.5米", "feature": "深圳湾畔地标性摩天大楼，别名春笋，后海金融总部基地核心建筑，集商务、商业、文化为一体，获LEED O+M铂金级运营认证和WELL HSR健康安全评价认证", "parent_company": "华润（集团）有限公司", "constructor": "华润（集团）有限公司"} (2次成功)
2026-05-19 10:02:42.900 | DEBUG    | __main__:run:366 | [4] 入库...
2026-05-19 10:02:42.903 | INFO     | __main__:save_result:264 | [入库] poi_id=cf8b5232-7e29-4abc-aee8-6280b39a6a15 商业服务/写字楼 rgb(51,187,255)/210000
2026-05-19 10:02:42.903 | INFO     | __main__:save_result:265 | [记录] {"name": ["中国华润大厦", "华润总部大厦"]}
2026-05-19 10:02:42.911 | DEBUG    | __main__:run:290 | ----------------------------------------
2026-05-19 10:02:42.911 | INFO     | __main__:run:291 | SPOT: 杭州市中级人民法庭 | 浙江省/杭州市/上城区/紫阳街道
2026-05-19 10:02:42.911 | DEBUG    | __main__:run:295 | [1] 高德查询...
2026-05-19 10:02:43.026 | DEBUG    | backend.api.amap:_geo_to_address_once:164 | [高德] 逆地理完成，返回 5 个POI, 1 个AOI
2026-05-19 10:02:43.160 | DEBUG    | backend.api.amap:_name_to_poi_once:267 | [高德] 名称搜索完成，返回 5 个 POI
2026-05-19 10:02:43.161 | DEBUG    | backend.api.amap:query_candidates:345 | [高德] 候选去重后: 7 条
2026-05-19 10:02:43.162 | DEBUG    | backend.util.io:save_json:54 | [保存] /data/openclaw/tianmap-government/tmp/amap/20260519_100243_杭州市中级人民法庭_6d63b97c.json
2026-05-19 10:02:43.163 | DEBUG    | __main__:run:315 | [地址] 一致: 浙江省/杭州市/上城区/紫阳街道
2026-05-19 10:02:43.163 | DEBUG    | __main__:run:323 | [2] Agent 筛选高德...
2026-05-19 10:02:44.780 | DEBUG    | __main__:select_type:113 | [选择] 自检通过: type=poi source=geo_poi id=B0FFHILCOC
2026-05-19 10:02:44.781 | DEBUG    | __main__:run:345 | [名称] 不一致: DB=杭州市中级人民法庭 → agent=杭州市中级人民法院审判法庭
2026-05-19 10:02:44.781 | DEBUG    | __main__:run:347 | [选择] geo_poi | 57.98m | 第5名 | 前面: 浙江省杭州市中级人民法院(geo_poi), 浙江省杭州市中级人民法院(东南门)(geo_poi), 浙江省杭州市中级人民法院停车场(name_poi), 浙江省杭州市中级人民法院地面停车场(出入口)(name_poi)
2026-05-19 10:02:44.781 | DEBUG    | __main__:run:352 | [理由] SPOT'杭州市中级人民法庭'为单体法院建筑点位。候选中B0FFHILCOC'杭州市中级人民法院审判法庭'名称最匹配（均明确指法院本体），距离57.98米。注意：前3条'浙江省杭州市中级人民法院'和停车场/门口等为同一法院建筑群，但'审判法庭'更精确对应'人民法庭'这一功能单元。 (1次成功)
2026-05-19 10:02:44.782 | DEBUG    | __main__:run:355 | [3] Agent 标注分类...
2026-05-19 10:03:08.950 | DEBUG    | __main__:annotate_category:189 | [标注] 自检通过: 机关单位/地方政府部门
2026-05-19 10:03:08.950 | DEBUG    | __main__:run:363 | [标注] {"name": "杭州市中级人民法院审判法庭", "affiliation": "机关单位", "point_type": "地方政府部门", "level": "正厅级", "feature": "浙江省杭州市市级审判机关，成立于1949年，下辖上城、拱墅、西湖、滨江、萧山、余杭、临平、钱塘、富阳、临安等10个区法院", "parent_company": "杭州市人大常委会 & 浙江省高级人民法院", "constructor": "信息待补充"} (1次成功)
2026-05-19 10:03:08.951 | DEBUG    | __main__:run:366 | [4] 入库...
2026-05-19 10:03:08.953 | INFO     | __main__:save_result:264 | [入库] poi_id=6d63b97c-f7f9-4ca5-93cc-a8600e8d6cb1 机关单位/地方政府部门 rgb(240,0,86)/190000
2026-05-19 10:03:08.954 | INFO     | __main__:save_result:265 | [记录] {"name": ["杭州市中级人民法院审判法庭", "杭州市中级人民法庭"]}
2026-05-19 10:03:08.961 | DEBUG    | __main__:run:290 | ----------------------------------------
2026-05-19 10:03:08.962 | INFO     | __main__:run:291 | SPOT: 湖州喜来登温泉度假酒店 | 江苏省/苏州市/吴中区/金庭镇
2026-05-19 10:03:08.962 | DEBUG    | __main__:run:295 | [1] 高德查询...
2026-05-19 10:03:09.040 | DEBUG    | backend.api.amap:_geo_to_address_once:164 | [高德] 逆地理完成，返回 5 个POI, 2 个AOI
2026-05-19 10:03:09.256 | DEBUG    | backend.api.amap:_name_to_poi_once:267 | [高德] 名称搜索完成，返回 5 个 POI
2026-05-19 10:03:09.257 | DEBUG    | backend.api.amap:query_candidates:345 | [高德] 候选去重后: 11 条
2026-05-19 10:03:09.259 | DEBUG    | backend.util.io:save_json:54 | [保存] /data/openclaw/tianmap-government/tmp/amap/20260519_100309_湖州喜来登温泉度假酒店_0e3a1d00.json
2026-05-19 10:03:09.259 | DEBUG    | __main__:run:317 | [地址] 不一致: DB=江苏省 → 高德=浙江省 | DB=苏州市 → 高德=湖州市 | DB=吴中区 → 高德=吴兴区 | DB=金庭镇 → 高德=滨湖街道
2026-05-19 10:03:09.259 | DEBUG    | __main__:run:323 | [2] Agent 筛选高德...
2026-05-19 10:03:12.431 | DEBUG    | __main__:select_type:113 | [选择] 自检通过: type=poi source=geo_poi id=B023C0P30I
2026-05-19 10:03:12.432 | DEBUG    | __main__:run:345 | [名称] 不一致: DB=湖州喜来登温泉度假酒店 → agent=湖州太湖喜来登温泉度假酒店
2026-05-19 10:03:12.432 | DEBUG    | __main__:run:347 | [选择] geo_poi | 93.52m | 第6名 | 前面: 湖州太湖旅游度假区(geo_aoi), 月上茶室(geo_poi), 太湖月亮湾(geo_poi), 湖州太湖喜来登温泉度假酒店大堂(geo_poi), 湖州太湖喜来登温泉度假酒店·大堂吧(geo_poi)
2026-05-19 10:03:12.432 | DEBUG    | __main__:run:352 | [理由] SPOT名称'湖州喜来登温泉度假酒店'为单体建筑/独立点位（五星级宾馆），非片区/广场/商圈。候选中B023C0P30I名称完全匹配，来源geo_poi，距离93.52米，类型为'住宿服务;宾馆酒店;五星级宾馆'，为最佳匹配。其他候选如大堂、大堂吧为附属设施，月上茶室为内部茶室，均非主体建筑。 (2次成功)
2026-05-19 10:03:12.432 | DEBUG    | __main__:run:355 | [3] Agent 标注分类...
2026-05-19 10:03:33.760 | DEBUG    | __main__:annotate_category:189 | [标注] 自检通过: 商业服务/酒店
2026-05-19 10:03:33.761 | DEBUG    | __main__:run:363 | [标注] {"name": "湖州喜来登温泉度假酒店", "affiliation": "商业服务", "point_type": "酒店", "level": "白金七星级", "feature": "中国首家水上白金七星级度假酒店，又名月亮酒店，由美国MAD建筑师事务所马岩松主创设计，指环型建筑，位于南太湖旅游度假区，是湖州太湖新地标标志性建筑", "parent_company": "喜达屋酒店及度假酒店集团", "constructor": "上海飞洲集团"} (1次成功)
2026-05-19 10:03:33.761 | DEBUG    | __main__:run:366 | [4] 入库...
2026-05-19 10:03:33.764 | INFO     | __main__:save_result:264 | [入库] poi_id=0e3a1d00-0a57-4b39-9221-6b1f046114a0 商业服务/酒店 rgb(51,187,255)/120000
2026-05-19 10:03:33.764 | INFO     | __main__:save_result:265 | [记录] {"province": ["浙江省", "江苏省"], "city": ["湖州市", "苏州市"], "district": ["吴兴区", "吴中区"], "township": ["滨湖街道", "金庭镇"]}
2026-05-19 10:03:33.772 | DEBUG    | __main__:run:290 | ----------------------------------------
2026-05-19 10:03:33.772 | INFO     | __main__:run:291 | SPOT: 无锡产业集团 | 江苏省/无锡市/梁溪区/惠山街道
2026-05-19 10:03:33.772 | DEBUG    | __main__:run:295 | [1] 高德查询...
2026-05-19 10:03:33.849 | DEBUG    | backend.api.amap:_geo_to_address_once:164 | [高德] 逆地理完成，返回 5 个POI, 2 个AOI
2026-05-19 10:03:33.998 | DEBUG    | backend.api.amap:_name_to_poi_once:267 | [高德] 名称搜索完成，返回 5 个 POI
2026-05-19 10:03:33.999 | DEBUG    | backend.api.amap:query_candidates:345 | [高德] 候选去重后: 11 条
2026-05-19 10:03:34.000 | DEBUG    | backend.util.io:save_json:54 | [保存] /data/openclaw/tianmap-government/tmp/amap/20260519_100333_无锡产业集团_773b7fa1.json
2026-05-19 10:03:34.000 | DEBUG    | __main__:run:315 | [地址] 一致: 江苏省/无锡市/梁溪区/惠山街道
2026-05-19 10:03:34.000 | DEBUG    | __main__:run:323 | [2] Agent 筛选高德...
2026-05-19 10:03:35.168 | DEBUG    | __main__:select_type:113 | [选择] 自检通过: type=poi source=geo_poi id=B01FE0K71T
2026-05-19 10:03:35.169 | DEBUG    | __main__:run:345 | [名称] 不一致: DB=无锡产业集团 → agent=产业集团
2026-05-19 10:03:35.169 | DEBUG    | __main__:run:349 | [选择] geo_poi | 14.72m | 第1名
2026-05-19 10:03:35.169 | DEBUG    | __main__:run:352 | [理由] 无锡产业集团为单体企业点位（知名国企），第1条候选amap_name为'产业集团'、source为geo_poi、距离仅14.72米，名称匹配且距离最近，优先选择 (1次成功)
2026-05-19 10:03:35.169 | DEBUG    | __main__:run:355 | [3] Agent 标注分类...
2026-05-19 10:04:17.040 | DEBUG    | __main__:annotate_category:189 | [标注] 自检通过: 国企平台/一级集团
2026-05-19 10:04:17.041 | DEBUG    | __main__:run:363 | [标注] {"name": "无锡产业集团", "affiliation": "国企平台", "point_type": "一级集团", "level": "地方国企", "feature": "无锡市属国有独资企业，资产总额1172亿元，连续17年入选中国企业500强，旗下拥有威孚高科、太极实业、新宏泰3家上市公司，业务布局集成电路、物联网、先进制造、绿色低碳、民生保障等领域", "parent_company": "无锡市人民政府 & 无锡市国资委", "constructor": "信息待补充"} (1次成功)
2026-05-19 10:04:17.041 | DEBUG    | __main__:run:366 | [4] 入库...
2026-05-19 10:04:17.044 | INFO     | __main__:save_result:264 | [入库] poi_id=773b7fa1-0c5e-4e3a-85be-418c3bbac13f 国企平台/一级集团 rgb(255,187,51)/150000
2026-05-19 10:04:17.044 | INFO     | __main__:save_result:265 | [记录] 
2026-05-19 10:04:17.052 | DEBUG    | __main__:run:290 | ----------------------------------------
2026-05-19 10:04:17.052 | INFO     | __main__:run:291 | SPOT: 武昌站 | 湖北省/武汉市/武昌区/首义路街道
2026-05-19 10:04:17.053 | DEBUG    | __main__:run:295 | [1] 高德查询...
2026-05-19 10:04:17.125 | DEBUG    | backend.api.amap:_geo_to_address_once:164 | [高德] 逆地理完成，返回 5 个POI, 1 个AOI
2026-05-19 10:04:17.270 | DEBUG    | backend.api.amap:_name_to_poi_once:267 | [高德] 名称搜索完成，返回 5 个 POI
2026-05-19 10:04:17.270 | DEBUG    | backend.api.amap:query_candidates:345 | [高德] 候选去重后: 9 条
2026-05-19 10:04:17.272 | DEBUG    | backend.util.io:save_json:54 | [保存] /data/openclaw/tianmap-government/tmp/amap/20260519_100417_武昌站_f358dd68.json
2026-05-19 10:04:17.272 | DEBUG    | __main__:run:315 | [地址] 一致: 湖北省/武汉市/武昌区/首义路街道
2026-05-19 10:04:17.272 | DEBUG    | __main__:run:323 | [2] Agent 筛选高德...
2026-05-19 10:04:25.108 | DEBUG    | __main__:select_type:113 | [选择] 自检通过: type=poi source=geo_poi id=B0FFG8TLXR
2026-05-19 10:04:25.108 | DEBUG    | __main__:run:345 | [名称] 不一致: DB=武昌站 → agent=武昌站(西出站口)
2026-05-19 10:04:25.108 | DEBUG    | __main__:run:347 | [选择] geo_poi | 23.44m | 第2名 | 前面: 武昌站(geo_aoi)
2026-05-19 10:04:25.108 | DEBUG    | __main__:run:352 | [理由] 武昌站是单体建筑/独立点位（火车站），非片区/广场/商圈。geo_aoi返回的武昌站为片区范围数据，不应使用。优先选择geo_poi中距离最近且名称包含'武昌站'的条目，武昌站(西出站口)距离仅23.44米，是geo_poi中最近的匹配项。 (1次成功)
2026-05-19 10:04:25.108 | DEBUG    | __main__:run:355 | [3] Agent 标注分类...
2026-05-19 10:06:25.684 | DEBUG    | __main__:annotate_category:189 | [标注] 自检通过: 基础设施/交通设施
2026-05-19 10:06:25.685 | DEBUG    | __main__:run:363 | [标注] {"name": "武昌站", "affiliation": "基础设施", "point_type": "交通设施", "level": "特等站", "feature": "武汉市三大铁路枢纽站之一，京广铁路与武九铁路交汇处的特等客运站", "parent_company": "中国铁路武汉局集团有限公司", "constructor": "信息待补充"} (1次成功)
2026-05-19 10:06:25.685 | DEBUG    | __main__:run:366 | [4] 入库...
2026-05-19 10:06:25.688 | INFO     | __main__:save_result:264 | [入库] poi_id=f358dd68-0203-428a-be26-aa54a958b145 基础设施/交通设施 rgb(100,100,100)/250000
2026-05-19 10:06:25.689 | INFO     | __main__:save_result:265 | [记录] 
2026-05-19 10:06:25.696 | DEBUG    | __main__:run:290 | ----------------------------------------
2026-05-19 10:06:25.697 | INFO     | __main__:run:291 | SPOT: 南京市青少年宫 | 江苏省/南京市/鼓楼区/湖南路街道
2026-05-19 10:06:25.697 | DEBUG    | __main__:run:295 | [1] 高德查询...
2026-05-19 10:06:25.902 | DEBUG    | backend.api.amap:_geo_to_address_once:164 | [高德] 逆地理完成，返回 5 个POI, 1 个AOI
2026-05-19 10:06:26.040 | DEBUG    | backend.api.amap:_name_to_poi_once:267 | [高德] 名称搜索完成，返回 5 个 POI
2026-05-19 10:06:26.041 | DEBUG    | backend.api.amap:query_candidates:345 | [高德] 候选去重后: 8 条
2026-05-19 10:06:26.042 | DEBUG    | backend.util.io:save_json:54 | [保存] /data/openclaw/tianmap-government/tmp/amap/20260519_100626_南京市青少年宫_4864c28a.json
2026-05-19 10:06:26.043 | DEBUG    | __main__:run:315 | [地址] 一致: 江苏省/南京市/鼓楼区/湖南路街道
2026-05-19 10:06:26.043 | DEBUG    | __main__:run:323 | [2] Agent 筛选高德...
2026-05-19 10:06:36.560 | DEBUG    | __main__:select_type:113 | [选择] 自检通过: type=poi source=geo_poi id=B0G355VG9D
2026-05-19 10:06:36.560 | DEBUG    | __main__:run:343 | [名称] 一致: 南京市青少年宫
2026-05-19 10:06:36.560 | DEBUG    | __main__:run:347 | [选择] geo_poi | 4.06m | 第2名 | 前面: 南京市青少年宫游泳健身馆(name_poi)
2026-05-19 10:06:36.561 | DEBUG    | __main__:run:352 | [理由] 南京市青少年宫为单体点位（科教文化机构），候选中 B0G355VG9D 名称完全匹配，type 为'科教文化服务;文化宫;文化宫'，距离仅 4.06 米，source 为 geo_poi，完全符合要求。 (1次成功)
2026-05-19 10:06:36.561 | DEBUG    | __main__:run:355 | [3] Agent 标注分类...
2026-05-19 10:07:25.040 | DEBUG    | __main__:annotate_category:189 | [标注] 自检通过: 事业单位/文化场馆
2026-05-19 10:07:25.041 | DEBUG    | __main__:run:363 | [标注] {"name": "南京市青少年宫", "affiliation": "事业单位", "point_type": "文化场馆", "level": "二级事业单位", "feature": "共青团南京市委下属公益性青少年校外教育阵地，全国科普教育基地，获中国青少年社会教育最高荣誉银杏奖，总建筑面积约6.5万平方米，面向青少年开展思想道德、文化艺术、科技创造、体育锻炼等综合素质培养", "parent_company": "共青团南京市委", "constructor": "南京市政府"} (1次成功)
2026-05-19 10:07:25.041 | DEBUG    | __main__:run:366 | [4] 入库...
2026-05-19 10:07:25.044 | INFO     | __main__:save_result:264 | [入库] poi_id=4864c28a-c9f0-4c96-a519-8055e26028b3 事业单位/文化场馆 rgb(255,117,51)/180000
2026-05-19 10:07:25.044 | INFO     | __main__:save_result:265 | [记录] 
2026-05-19 10:07:25.052 | DEBUG    | __main__:run:290 | ----------------------------------------
2026-05-19 10:07:25.052 | INFO     | __main__:run:291 | SPOT: 华侨城运河汇 | 江苏省/无锡市/梁溪区/清名桥街道
2026-05-19 10:07:25.053 | DEBUG    | __main__:run:295 | [1] 高德查询...
2026-05-19 10:07:25.127 | DEBUG    | backend.api.amap:_geo_to_address_once:164 | [高德] 逆地理完成，返回 5 个POI, 1 个AOI
2026-05-19 10:07:25.278 | DEBUG    | backend.api.amap:_name_to_poi_once:267 | [高德] 名称搜索完成，返回 5 个 POI
2026-05-19 10:07:25.279 | DEBUG    | backend.api.amap:query_candidates:345 | [高德] 候选去重后: 9 条
2026-05-19 10:07:25.280 | DEBUG    | backend.util.io:save_json:54 | [保存] /data/openclaw/tianmap-government/tmp/amap/20260519_100725_华侨城运河汇_5bb8199f.json
2026-05-19 10:07:25.281 | DEBUG    | __main__:run:315 | [地址] 一致: 江苏省/无锡市/梁溪区/清名桥街道
2026-05-19 10:07:25.281 | DEBUG    | __main__:run:323 | [2] Agent 筛选高德...
2026-05-19 10:07:30.695 | ERROR    | __main__:select_type:116 | [选择] 全部重试失败
2026-05-19 10:07:30.696 | ERROR    | __main__:run:328 | [降级] agent解析失败
2026-05-19 10:07:30.696 | DEBUG    | __main__:run:355 | [3] Agent 标注分类...
2026-05-19 10:07:48.831 | DEBUG    | __main__:annotate_category:189 | [标注] 自检通过: 商业服务/商业综合体
2026-05-19 10:07:48.831 | DEBUG    | __main__:run:363 | [标注] {"name": "华侨城运河汇", "affiliation": "商业服务", "point_type": "商业综合体", "level": "信息待补充", "feature": "由无锡地铁、华侨城集团及梁溪文旅集团联合打造的滨水商业综合体，位于无锡市梁溪区古运河风光带，前身为无锡钢铁厂旧址。总建筑面积约6.2万平方米，采用TOD+工业遗存活化利用模式，涵盖游客集散中心、集盒购物中心、高街、文化山谷、水岸新里五大空间。获省级重点文化和旅游产业项目、江苏省城市特色风貌塑造奖等荣誉。", "parent_company": "华侨城集团", "constructor": "无锡地铁 & 华侨城集团 & 梁溪文旅集团"} (1次成功)
2026-05-19 10:07:48.831 | DEBUG    | __main__:run:366 | [4] 入库...
2026-05-19 10:07:48.834 | INFO     | __main__:save_result:264 | [入库] poi_id=5bb8199f-d9b6-41a0-ade5-bc3773064876 商业服务/商业综合体 rgb(51,187,255)/200000
2026-05-19 10:07:48.835 | INFO     | __main__:save_result:265 | [记录] 
2026-05-19 10:07:48.842 | DEBUG    | __main__:run:290 | ----------------------------------------
2026-05-19 10:07:48.843 | INFO     | __main__:run:291 | SPOT: 圆形院落 | 江苏省/南京市/高淳区/桠溪街道
2026-05-19 10:07:48.843 | DEBUG    | __main__:run:295 | [1] 高德查询...
2026-05-19 10:07:48.937 | DEBUG    | backend.api.amap:_geo_to_address_once:164 | [高德] 逆地理完成，返回 5 个POI, 1 个AOI
2026-05-19 10:07:48.994 | DEBUG    | backend.api.amap:_name_to_poi_once:267 | [高德] 名称搜索完成，返回 5 个 POI
2026-05-19 10:07:48.995 | DEBUG    | backend.api.amap:query_candidates:345 | [高德] 候选去重后: 11 条
2026-05-19 10:07:48.996 | DEBUG    | backend.util.io:save_json:54 | [保存] /data/openclaw/tianmap-government/tmp/amap/20260519_100748_圆形院落_8f18891a.json
2026-05-19 10:07:48.997 | DEBUG    | __main__:run:315 | [地址] 一致: 江苏省/南京市/高淳区/桠溪街道
2026-05-19 10:07:48.997 | DEBUG    | __main__:run:323 | [2] Agent 筛选高德...
2026-05-19 10:07:50.829 | DEBUG    | __main__:select_type:113 | [选择] 自检通过: type=aoi source=geo_aoi id=B0FFF65W13
2026-05-19 10:07:50.829 | DEBUG    | __main__:run:345 | [名称] 不一致: DB=圆形院落 → agent=南京高淳国际慢城
2026-05-19 10:07:50.830 | DEBUG    | __main__:run:349 | [选择] geo_aoi | 0.0m | 第1名
2026-05-19 10:07:50.830 | DEBUG    | __main__:run:352 | [理由] SPOT名称'圆形院落'是一个建筑内部的具体空间描述（院落），属于高淳国际慢城片区内的附属建筑。逆地理地址指向归来兮庄园内的餐厅区域，属于国家级风景区（南京高淳国际慢城）的范围。候选中距离最近且有明确归属关系的是南京高淳国际慢城（geo_aoi，距离0.0m），圆形院落为该片区内的具体点位，应以所属片区为准。 (1次成功)
2026-05-19 10:07:50.830 | DEBUG    | __main__:run:355 | [3] Agent 标注分类...
2026-05-19 10:08:24.745 | DEBUG    | __main__:annotate_category:189 | [标注] 自检通过: 商业服务/酒店
2026-05-19 10:08:24.745 | DEBUG    | __main__:run:363 | [标注] {"name": "圆形院落", "affiliation": "商业服务", "point_type": "酒店", "level": "信息待补充", "feature": "归来兮桠溪庄园酒店特色房型，位于高淳慢城桠溪镇，隐匿于荆山竹海、依湖而建的高端民宿庄园，圆形院落为其中一型特色双卧客房", "parent_company": "归来兮桠溪庄园酒店", "constructor": "信息待补充"} (1次成功)
2026-05-19 10:08:24.745 | DEBUG    | __main__:run:366 | [4] 入库...
2026-05-19 10:08:24.748 | INFO     | __main__:save_result:264 | [入库] poi_id=8f18891a-0669-4d06-8f40-dde0fa480eb2 商业服务/酒店 rgb(51,187,255)/120000
2026-05-19 10:08:24.749 | INFO     | __main__:save_result:265 | [记录] 
2026-05-19 10:08:24.757 | DEBUG    | __main__:run:290 | ----------------------------------------
2026-05-19 10:08:24.757 | INFO     | __main__:run:291 | SPOT: 阿里巴巴数字生态创新园(西溪C区) | 浙江省/杭州市/余杭区/五常街道
2026-05-19 10:08:24.757 | DEBUG    | __main__:run:295 | [1] 高德查询...
2026-05-19 10:08:24.848 | DEBUG    | backend.api.amap:_geo_to_address_once:164 | [高德] 逆地理完成，返回 5 个POI, 2 个AOI
2026-05-19 10:08:24.968 | DEBUG    | backend.api.amap:_name_to_poi_once:267 | [高德] 名称搜索完成，返回 5 个 POI
2026-05-19 10:08:24.969 | DEBUG    | backend.api.amap:query_candidates:345 | [高德] 候选去重后: 10 条
2026-05-19 10:08:24.970 | DEBUG    | backend.util.io:save_json:54 | [保存] /data/openclaw/tianmap-government/tmp/amap/20260519_100824_阿里巴巴数字生态创新园西溪C区_5a529765.json
2026-05-19 10:08:24.970 | DEBUG    | __main__:run:315 | [地址] 一致: 浙江省/杭州市/余杭区/五常街道
2026-05-19 10:08:24.971 | DEBUG    | __main__:run:323 | [2] Agent 筛选高德...
2026-05-19 10:08:26.738 | DEBUG    | backend.api.hermes:chat_return_json:92 | [Hermes] JSON 解析失败: Expecting ',' delimiter: line 8 column 67 (char 204)
2026-05-19 10:08:28.299 | DEBUG    | __main__:select_type:113 | [选择] 自检通过: type=poi source=geo_poi id=B0GRKM36U3
2026-05-19 10:08:28.299 | DEBUG    | __main__:run:345 | [名称] 不一致: DB=阿里巴巴数字生态创新园(西溪C区) → agent=阿里巴巴西溪园区C区
2026-05-19 10:08:28.299 | DEBUG    | __main__:run:347 | [选择] geo_poi | 87.7m | 第2名 | 前面: 阿里巴巴西溪园区(geo_aoi)
2026-05-19 10:08:28.299 | DEBUG    | __main__:run:352 | [理由] SPOT为单体产业园区点位（西溪园区C区），候选B0GRKM36U3名称完全匹配C区，距离87.7米，类型为产业园区POI，且address含文一西路960-1号与逆地理地址高度一致。geo_aoi B0LB2ZPM6T为整个西溪园区（面积70万平），范围过大不够精确。 (1次成功)
2026-05-19 10:08:28.300 | DEBUG    | __main__:run:355 | [3] Agent 标注分类...
2026-05-19 10:09:04.849 | DEBUG    | __main__:annotate_category:189 | [标注] 自检通过: 民营企业/民营独资
2026-05-19 10:09:04.849 | DEBUG    | __main__:run:363 | [标注] {"name": "阿里巴巴数字生态创新园(西溪C区)", "affiliation": "民营企业", "point_type": "民营独资", "level": "信息待补充", "feature": "阿里巴巴集团全球总部，占地98.45万平方米，由日本建筑大师隈研吾担纲设计，2025年5月正式启用，集办公、休闲、生活于一体", "parent_company": "阿里巴巴集团", "constructor": "阿里巴巴集团"} (1次成功)
2026-05-19 10:09:04.850 | DEBUG    | __main__:run:366 | [4] 入库...
2026-05-19 10:09:04.852 | INFO     | __main__:save_result:264 | [入库] poi_id=5a529765-ee97-43f8-9d73-566218c53cdf 民营企业/民营独资 rgb(112,243,255)/220000
2026-05-19 10:09:04.852 | INFO     | __main__:save_result:265 | [记录] 
2026-05-19 10:09:04.858 | DEBUG    | __main__:run:290 | ----------------------------------------
2026-05-19 10:09:04.859 | INFO     | __main__:run:291 | SPOT: 无锡站 | 江苏省/无锡市/梁溪区/北大街街道
2026-05-19 10:09:04.859 | DEBUG    | __main__:run:295 | [1] 高德查询...
2026-05-19 10:09:04.930 | DEBUG    | backend.api.amap:_geo_to_address_once:164 | [高德] 逆地理完成，返回 5 个POI, 1 个AOI
2026-05-19 10:09:05.113 | DEBUG    | backend.api.amap:_name_to_poi_once:267 | [高德] 名称搜索完成，返回 5 个 POI
2026-05-19 10:09:05.114 | DEBUG    | backend.api.amap:query_candidates:345 | [高德] 候选去重后: 7 条
2026-05-19 10:09:05.115 | DEBUG    | backend.util.io:save_json:54 | [保存] /data/openclaw/tianmap-government/tmp/amap/20260519_100905_无锡站_731b9745.json
2026-05-19 10:09:05.116 | DEBUG    | __main__:run:315 | [地址] 一致: 江苏省/无锡市/梁溪区/北大街街道
2026-05-19 10:09:05.116 | DEBUG    | __main__:run:323 | [2] Agent 筛选高德...
2026-05-19 10:09:06.759 | DEBUG    | __main__:select_type:113 | [选择] 自检通过: type=poi source=geo_poi id=B0FFGI6J09
2026-05-19 10:09:06.760 | DEBUG    | __main__:run:345 | [名称] 不一致: DB=无锡站 → agent=侯车室(无锡站)
2026-05-19 10:09:06.760 | DEBUG    | __main__:run:347 | [选择] geo_poi | 1.87m | 第2名 | 前面: 无锡站(geo_aoi)
2026-05-19 10:09:06.760 | DEBUG    | __main__:run:352 | [理由] 无锡站是单体火车站（独立交通设施点位），不属于片区/广场/商圈。候选中距离最近且名称最匹配的是geo_poi来源的'侯车室(无锡站)'（距离1.87米），虽为候车室子点位，但覆盖无锡站主体范围，优于名称含检票口的更细粒度POI及geo_aoi片区数据。 (1次成功)
2026-05-19 10:09:06.760 | DEBUG    | __main__:run:355 | [3] Agent 标注分类...
2026-05-19 10:09:13.775 | DEBUG    | __main__:annotate_category:189 | [标注] 自检通过: 基础设施/交通设施
2026-05-19 10:09:13.776 | DEBUG    | __main__:run:363 | [标注] {"name": "无锡站", "affiliation": "基础设施", "point_type": "交通设施", "level": "特等站", "feature": "沪宁铁路干线重要枢纽站，始建于1905年，拥有7台12线规模，南北双站房布局，2025年发送旅客超1586万人次", "parent_company": "中国铁路上海局集团有限公司", "constructor": "信息待补充"} (1次成功)
2026-05-19 10:09:13.776 | DEBUG    | __main__:run:366 | [4] 入库...
2026-05-19 10:09:13.779 | INFO     | __main__:save_result:264 | [入库] poi_id=731b9745-60d1-4817-8f59-98b736e6205d 基础设施/交通设施 rgb(100,100,100)/250000
2026-05-19 10:09:13.779 | INFO     | __main__:save_result:265 | [记录] 
2026-05-19 10:09:13.787 | DEBUG    | __main__:run:290 | ----------------------------------------
2026-05-19 10:09:13.787 | INFO     | __main__:run:291 | SPOT: 红梅广场 | 江苏省/常州市/天宁区/天宁街道
2026-05-19 10:09:13.787 | DEBUG    | __main__:run:295 | [1] 高德查询...
2026-05-19 10:09:13.874 | DEBUG    | backend.api.amap:_geo_to_address_once:164 | [高德] 逆地理完成，返回 5 个POI, 3 个AOI
2026-05-19 10:09:14.048 | DEBUG    | backend.api.amap:_name_to_poi_once:267 | [高德] 名称搜索完成，返回 5 个 POI
2026-05-19 10:09:14.048 | DEBUG    | backend.api.amap:query_candidates:345 | [高德] 候选去重后: 13 条
2026-05-19 10:09:14.050 | DEBUG    | backend.util.io:save_json:54 | [保存] /data/openclaw/tianmap-government/tmp/amap/20260519_100914_红梅广场_d6f618fd.json
2026-05-19 10:09:14.050 | DEBUG    | __main__:run:315 | [地址] 一致: 江苏省/常州市/天宁区/天宁街道
2026-05-19 10:09:14.050 | DEBUG    | __main__:run:323 | [2] Agent 筛选高德...
2026-05-19 10:09:16.249 | DEBUG    | __main__:select_type:113 | [选择] 自检通过: type=poi source=name_poi id=B0FFILLTCT
2026-05-19 10:09:16.249 | DEBUG    | __main__:run:345 | [名称] 不一致: DB=红梅广场 → agent=文笔塔广场
2026-05-19 10:09:16.249 | DEBUG    | __main__:run:347 | [选择] name_poi | 195.7m | 第9名 | 前面: 红梅公园(geo_aoi), 红梅公园(南门)(geo_poi), 红梅公园南门停车场(geo_aoi), 御龙苑(延陵中路)(geo_aoi), 沧浪轩(御龙苑店)(geo_poi), 红梅公园-冰梅石(geo_poi), 上宥堂养生膳食府(geo_poi), 红梅公园-塔影森林(geo_poi)
2026-05-19 10:09:16.249 | DEBUG    | __main__:run:352 | [理由] SPOT名称为'红梅广场'，名称中包含'广场'，属于片区/广场类点位，应优先选AOI。但候选列表中距离最近的geo_aoi（红梅公园，0米）是公园而非广场，不匹配；次近geo_aoi（红梅公园南门停车场，30米）是停车场，也不匹配。候选中的'红梅假日广场'（1369米）距离过远。而name_poi中的'文笔塔广场'（196米）类型为'城市广场'且地址在红梅公园内，与SPOT名称中的'广场'属性匹配，距离也较近。因此选择name_poi中的'文笔塔广场'作为匹配结果。 (1次成功)
2026-05-19 10:09:16.249 | DEBUG    | __main__:run:355 | [3] Agent 标注分类...
2026-05-19 10:10:18.552 | DEBUG    | __main__:annotate_category:189 | [标注] 自检通过: 自然景观/广场绿地
2026-05-19 10:10:18.552 | DEBUG    | __main__:run:363 | [标注] {"name": "红梅广场", "affiliation": "自然景观", "point_type": "广场绿地", "level": "信息待补充", "feature": "位于红梅公园南端的城市公共广场，毗邻始建于南朝齐建元年间（479-482年）的省级文保单位文笔塔（七级八面楼阁式砖木结构，高48.38米，距今1500余年，为常州文脉象征）", "parent_company": "信息待补充", "constructor": "信息待补充"} (1次成功)
2026-05-19 10:10:18.552 | DEBUG    | __main__:run:366 | [4] 入库...
2026-05-19 10:10:18.554 | INFO     | __main__:save_result:264 | [入库] poi_id=d6f618fd-e0b0-494d-bfd2-3c3020d73b19 自然景观/广场绿地 rgb(0,255,0)/100000
2026-05-19 10:10:18.554 | INFO     | __main__:save_result:265 | [记录] 
2026-05-19 10:10:18.558 | DEBUG    | __main__:run:290 | ----------------------------------------
2026-05-19 10:10:18.558 | INFO     | __main__:run:291 | SPOT: 光雾山（5A） | 四川省/巴中市/南江县/光雾山镇
2026-05-19 10:10:18.559 | DEBUG    | __main__:run:295 | [1] 高德查询...
2026-05-19 10:10:18.624 | DEBUG    | backend.api.amap:_geo_to_address_once:164 | [高德] 逆地理完成，返回 5 个POI, 1 个AOI
2026-05-19 10:10:18.796 | DEBUG    | backend.api.amap:_name_to_poi_once:267 | [高德] 名称搜索完成，返回 5 个 POI
2026-05-19 10:10:18.796 | DEBUG    | backend.api.amap:query_candidates:345 | [高德] 候选去重后: 11 条
2026-05-19 10:10:18.798 | DEBUG    | backend.util.io:save_json:54 | [保存] /data/openclaw/tianmap-government/tmp/amap/20260519_101018_光雾山5A_e3c53fc2.json
2026-05-19 10:10:18.798 | DEBUG    | __main__:run:315 | [地址] 一致: 四川省/巴中市/南江县/光雾山镇
2026-05-19 10:10:18.798 | DEBUG    | __main__:run:323 | [2] Agent 筛选高德...
2026-05-19 10:10:20.895 | DEBUG    | backend.api.hermes:chat_return_json:92 | [Hermes] JSON 解析失败: Expecting ',' delimiter: line 8 column 58 (char 192)
2026-05-19 10:10:37.862 | DEBUG    | __main__:select_type:113 | [选择] 自检通过: type=aoi source=geo_aoi id=B033B001LZ
2026-05-19 10:10:37.862 | DEBUG    | __main__:run:345 | [名称] 不一致: DB=光雾山（5A） → agent=光雾山旅游景区
2026-05-19 10:10:37.862 | DEBUG    | __main__:run:349 | [选择] geo_aoi | 0.0m | 第1名
2026-05-19 10:10:37.862 | DEBUG    | __main__:run:352 | [理由] 光雾山为5A级自然风景区，属于片区/AOI类型，非单体建筑。geo_aoi来源的'光雾山旅游景区'距离0米，amap_type为'风景名胜;风景名胜;风景名胜'，名称完全匹配，是最优选择。 (1次成功)
2026-05-19 10:10:37.862 | DEBUG    | __main__:run:355 | [3] Agent 标注分类...
2026-05-19 10:11:16.909 | DEBUG    | __main__:annotate_category:189 | [标注] 自检通过: 文化旅游/旅游景区
2026-05-19 10:11:16.910 | DEBUG    | __main__:run:363 | [标注] {"name": "光雾山（5A）", "affiliation": "文化旅游", "point_type": "旅游景区", "level": "5A", "feature": "国家级风景名胜区、世界地质公园，以岩溶岭脊峰丛地貌、原生态植被、峡谷风光为特色，被誉为\"生物基因库、天然大氧吧\"，是秦巴生物多样性生态功能区核心区域", "parent_company": "巴中市文化旅游发展集团", "constructor": "信息待补充"} (1次成功)
2026-05-19 10:11:16.910 | DEBUG    | __main__:run:366 | [4] 入库...
2026-05-19 10:11:16.912 | INFO     | __main__:save_result:264 | [入库] poi_id=e3c53fc2-d76e-4c01-9642-8812e2009e8f 文化旅游/旅游景区 rgb(255,0,255)/260000
2026-05-19 10:11:16.912 | INFO     | __main__:save_result:265 | [记录] 
2026-05-19 10:11:16.917 | DEBUG    | __main__:run:290 | ----------------------------------------
2026-05-19 10:11:16.917 | INFO     | __main__:run:291 | SPOT: 天安数码城 | 江苏省/南京市/溧水区/永阳街道
2026-05-19 10:11:16.917 | DEBUG    | __main__:run:295 | [1] 高德查询...
2026-05-19 10:11:16.987 | DEBUG    | backend.api.amap:_geo_to_address_once:164 | [高德] 逆地理完成，返回 5 个POI, 0 个AOI
2026-05-19 10:11:17.107 | DEBUG    | backend.api.amap:_name_to_poi_once:267 | [高德] 名称搜索完成，返回 5 个 POI
2026-05-19 10:11:17.108 | DEBUG    | backend.api.amap:query_candidates:345 | [高德] 候选去重后: 9 条
2026-05-19 10:11:17.110 | DEBUG    | backend.util.io:save_json:54 | [保存] /data/openclaw/tianmap-government/tmp/amap/20260519_101117_天安数码城_d4a9dc4a.json
2026-05-19 10:11:17.110 | DEBUG    | __main__:run:315 | [地址] 一致: 江苏省/南京市/溧水区/永阳街道
2026-05-19 10:11:17.110 | DEBUG    | __main__:run:323 | [2] Agent 筛选高德...
2026-05-19 10:11:21.256 | DEBUG    | __main__:select_type:113 | [选择] 自检通过: type=poi source=geo_poi id=B0K2PMHQIW
2026-05-19 10:11:21.256 | DEBUG    | __main__:run:345 | [名称] 不一致: DB=天安数码城 → agent=溧水天安数码城
2026-05-19 10:11:21.256 | DEBUG    | __main__:run:347 | [选择] geo_poi | 73.81m | 第3名 | 前面: 牛首建工南京分公司(geo_poi), 天安未来生态城产业A地块(geo_poi)
2026-05-19 10:11:21.257 | DEBUG    | __main__:run:352 | [理由] 天安数码城为产业园区（片区级），候选中无geo_aoi。距离最近的产业园区级POI为'溧水天安数码城'（geo_poi，73.81米，amap_type=产业园区），为最匹配结果 (2次成功)
2026-05-19 10:11:21.257 | DEBUG    | __main__:run:355 | [3] Agent 标注分类...
2026-05-19 10:11:59.384 | DEBUG    | backend.api.hermes:chat_return_json:92 | [Hermes] JSON 解析失败: Extra data: line 10 column 1 (char 221)
2026-05-19 10:12:56.082 | DEBUG    | backend.api.hermes:chat_return_json:92 | [Hermes] JSON 解析失败: Extra data: line 11 column 1 (char 228)
2026-05-19 10:13:44.087 | DEBUG    | __main__:annotate_category:189 | [标注] 自检通过: 商业服务/商业综合体
2026-05-19 10:13:44.087 | DEBUG    | __main__:run:363 | [标注] {"name": "溧水天安数码城", "affiliation": "商业服务", "point_type": "商业综合体", "level": "信息待补充", "feature": "天安数码城集团打造的产业园区，总投资约70亿元，总面积1570亩，集研发办公、商业配套、人才公寓于一体，聚焦智能制造、数字经济、大健康等战略性新兴产业，应用人工智能、5G、物联网等技术", "parent_company": "天安数码城集团", "constructor": "天安数码城集团"} (1次成功)
2026-05-19 10:13:44.087 | DEBUG    | __main__:run:366 | [4] 入库...
2026-05-19 10:13:44.090 | INFO     | __main__:save_result:264 | [入库] poi_id=d4a9dc4a-7f3c-4be5-b96d-836cffb5c9a5 商业服务/商业综合体 rgb(51,187,255)/200000
2026-05-19 10:13:44.090 | INFO     | __main__:save_result:265 | [记录] {"name": ["溧水天安数码城", "天安数码城"]}
2026-05-19 10:13:44.094 | DEBUG    | __main__:run:290 | ----------------------------------------
2026-05-19 10:13:44.094 | INFO     | __main__:run:291 | SPOT: 江苏省住建厅 | 江苏省/南京市/鼓楼区/江东街道
2026-05-19 10:13:44.094 | DEBUG    | __main__:run:295 | [1] 高德查询...
2026-05-19 10:13:44.170 | DEBUG    | backend.api.amap:_geo_to_address_once:164 | [高德] 逆地理完成，返回 5 个POI, 4 个AOI
2026-05-19 10:13:44.260 | DEBUG    | backend.api.amap:_name_to_poi_once:267 | [高德] 名称搜索完成，返回 5 个 POI
2026-05-19 10:13:44.260 | DEBUG    | backend.api.amap:query_candidates:345 | [高德] 候选去重后: 11 条
2026-05-19 10:13:44.262 | DEBUG    | backend.util.io:save_json:54 | [保存] /data/openclaw/tianmap-government/tmp/amap/20260519_101344_江苏省住建厅_e432e9ad.json
2026-05-19 10:13:44.262 | DEBUG    | __main__:run:315 | [地址] 一致: 江苏省/南京市/鼓楼区/江东街道
2026-05-19 10:13:44.262 | DEBUG    | __main__:run:323 | [2] Agent 筛选高德...
2026-05-19 10:13:46.161 | DEBUG    | backend.api.hermes:chat_return_json:92 | [Hermes] JSON 解析失败: Expecting ',' delimiter: line 8 column 113 (char 251)
2026-05-19 10:13:47.460 | DEBUG    | __main__:select_type:113 | [选择] 自检通过: type=poi source=geo_poi id=B0FFFA34HW
2026-05-19 10:13:47.461 | DEBUG    | __main__:run:345 | [名称] 不一致: DB=江苏省住建厅 → agent=江苏省住房和城乡建设厅
2026-05-19 10:13:47.461 | DEBUG    | __main__:run:347 | [选择] geo_poi | 30.07m | 第3名 | 前面: 江苏省住房和城乡建设厅-机关后勤服务中心(name_poi), 江苏建设大厦(geo_poi)
2026-05-19 10:13:47.461 | DEBUG    | __main__:run:352 | [理由] 江苏省住建厅是单体政府机关点位。候选第3条amap_name完全匹配SPOT名称，类型为'省直辖市级政府及事业单位'，距离仅30.07米，与逆地理地址同址（草场门大街88号江苏建设大厦），为最精确匹配。 (1次成功)
2026-05-19 10:13:47.461 | DEBUG    | __main__:run:355 | [3] Agent 标注分类...
2026-05-19 10:14:03.813 | DEBUG    | __main__:annotate_category:189 | [标注] 自检通过: 机关单位/地方政府部门
2026-05-19 10:14:03.814 | DEBUG    | __main__:run:363 | [标注] {"name": "江苏省住建厅", "affiliation": "机关单位", "point_type": "地方政府部门", "level": "正厅级", "feature": "江苏省人民政府组成部门，负责全省住房和城乡建设管理、城镇住房保障、房地产市场监管、市政公用事业和基础设施建设管理、城市园林绿化监督指导等工作。2022年8月，村镇建设处被中共中央、国务院表彰为全国人民满意的公务员集体。2025年9月发布《江苏省住房城乡建设领域技术图谱》，涵盖高品质建筑、智能建造与建筑工业化、宜居韧性智慧城市三大领域122项重点技术。", "parent_company": "江苏省人民政府", "constructor": "信息待补充"} (1次成功)
2026-05-19 10:14:03.814 | DEBUG    | __main__:run:366 | [4] 入库...
2026-05-19 10:14:03.816 | INFO     | __main__:save_result:264 | [入库] poi_id=e432e9ad-dafc-4ffb-affe-cb3dd7c41252 机关单位/地方政府部门 rgb(240,0,86)/190000
2026-05-19 10:14:03.817 | INFO     | __main__:save_result:265 | [记录] 
2026-05-19 10:14:03.825 | DEBUG    | __main__:run:290 | ----------------------------------------
2026-05-19 10:14:03.825 | INFO     | __main__:run:291 | SPOT: 江苏省人民医院 | 江苏省/南京市/鼓楼区/华侨路街道
2026-05-19 10:14:03.825 | DEBUG    | __main__:run:295 | [1] 高德查询...
2026-05-19 10:14:04.348 | DEBUG    | backend.api.amap:_geo_to_address_once:164 | [高德] 逆地理完成，返回 5 个POI, 2 个AOI
2026-05-19 10:14:04.482 | DEBUG    | backend.api.amap:_name_to_poi_once:267 | [高德] 名称搜索完成，返回 5 个 POI
2026-05-19 10:14:04.483 | DEBUG    | backend.api.amap:query_candidates:345 | [高德] 候选去重后: 8 条
2026-05-19 10:14:04.484 | DEBUG    | backend.util.io:save_json:54 | [保存] /data/openclaw/tianmap-government/tmp/amap/20260519_101404_江苏省人民医院_4f8411a3.json
2026-05-19 10:14:04.485 | DEBUG    | __main__:run:315 | [地址] 一致: 江苏省/南京市/鼓楼区/华侨路街道
2026-05-19 10:14:04.485 | DEBUG    | __main__:run:323 | [2] Agent 筛选高德...
2026-05-19 10:14:06.495 | DEBUG    | __main__:select_type:113 | [选择] 自检通过: type=aoi source=geo_aoi id=B00190514F
2026-05-19 10:14:06.496 | DEBUG    | __main__:run:343 | [名称] 一致: 江苏省人民医院
2026-05-19 10:14:06.496 | DEBUG    | __main__:run:349 | [选择] geo_aoi | 0.0m | 第1名
2026-05-19 10:14:06.496 | DEBUG    | __main__:run:352 | [理由] 江苏省人民医院是单体医疗机构（三级甲等医院），但第一条 geo_aoi 返回的 amap_name 与 SPOT 名称完全一致，且 area 为 102482 平方米，表示这是一个大型医院建筑群/院区，属于片区级数据。作为单体医院名称，用 geo_aoi 覆盖整个院区范围更准确。geo_poi 中第 2 条距离最近（20.77m），但名称为'门急诊病房综合楼'只是院内单体建筑，非整个医院，故选择距离 0m 的 geo_aoi 作为整体院区数据。 (1次成功)
2026-05-19 10:14:06.496 | DEBUG    | __main__:run:355 | [3] Agent 标注分类...
2026-05-19 10:15:02.907 | DEBUG    | __main__:annotate_category:189 | [标注] 自检通过: 事业单位/医院
2026-05-19 10:15:02.907 | DEBUG    | __main__:run:363 | [标注] {"name": "江苏省人民医院", "affiliation": "事业单位", "point_type": "医院", "level": "一级事业单位，财政全额拨款，三级甲等", "feature": "国家紧急医学救援基地，复旦排行全国综合A+++，国家重点学科1个，国家临床重点专科18个，3个院区", "parent_company": "江苏省卫生健康委员会 & 南京医科大学", "constructor": "信息待补充"} (1次成功)
2026-05-19 10:15:02.908 | DEBUG    | __main__:run:366 | [4] 入库...
2026-05-19 10:15:02.909 | INFO     | __main__:save_result:264 | [入库] poi_id=4f8411a3-d69a-4f8b-87c9-79a566892b0f 事业单位/医院 rgb(255,117,51)/170000
2026-05-19 10:15:02.909 | INFO     | __main__:save_result:265 | [记录] 
2026-05-19 10:15:02.917 | DEBUG    | __main__:run:290 | ----------------------------------------
2026-05-19 10:15:02.917 | INFO     | __main__:run:291 | SPOT: 上海南翔东社区邻里中心 | 上海市/市辖区/嘉定区/南翔镇
2026-05-19 10:15:02.918 | DEBUG    | __main__:run:295 | [1] 高德查询...
2026-05-19 10:15:03.005 | DEBUG    | backend.api.amap:_geo_to_address_once:164 | [高德] 逆地理完成，返回 5 个POI, 1 个AOI
2026-05-19 10:15:03.035 | WARNING  | backend.api.amap:_name_to_poi_once:239 | [高德] 未搜索到POI: 上海南翔东社区邻里中心
2026-05-19 10:15:03.035 | WARNING  | backend.api.amap:name_to_poi:279 | [高德] 名称搜索第 1 次无结果
2026-05-19 10:15:03.641 | WARNING  | backend.api.amap:_name_to_poi_once:239 | [高德] 未搜索到POI: 上海南翔东社区邻里中心
2026-05-19 10:15:03.641 | WARNING  | backend.api.amap:name_to_poi:279 | [高德] 名称搜索第 2 次无结果
2026-05-19 10:15:04.752 | WARNING  | backend.api.amap:_name_to_poi_once:239 | [高德] 未搜索到POI: 上海南翔东社区邻里中心
2026-05-19 10:15:04.752 | WARNING  | backend.api.amap:name_to_poi:279 | [高德] 名称搜索第 3 次无结果
2026-05-19 10:15:04.752 | WARNING  | backend.api.amap:query_candidates:314 | [高德] 名称搜索未返回结果: 上海南翔东社区邻里中心
2026-05-19 10:15:04.752 | DEBUG    | backend.api.amap:query_candidates:345 | [高德] 候选去重后: 6 条
2026-05-19 10:15:04.753 | DEBUG    | backend.util.io:save_json:54 | [保存] /data/openclaw/tianmap-government/tmp/amap/20260519_101504_上海南翔东社区邻里中心_9b606b07.json
2026-05-19 10:15:04.753 | DEBUG    | __main__:run:315 | [地址] 一致: 上海市//嘉定区/南翔镇
2026-05-19 10:15:04.753 | DEBUG    | __main__:run:323 | [2] Agent 筛选高德...
2026-05-19 10:15:06.338 | DEBUG    | __main__:run:330 | [选择] 不使用 Amap 数据
2026-05-19 10:15:06.338 | DEBUG    | __main__:run:331 | [理由] SPOT名称'上海南翔东社区邻里中心'是一个社区公共服务设施单体点位，但候选列表中无名称匹配项。佬街佬味和满宜购生鲜超市虽在同一地址（宝翔路160号B1层），但它们是邻里中心内的租户而非邻里中心本身。三湘海尚名邸是住宅小区AOI，非目标点位。无直接匹配，使用none兜底。 (1次成功)
2026-05-19 10:15:06.338 | DEBUG    | __main__:run:355 | [3] Agent 标注分类...
2026-05-19 10:15:35.678 | DEBUG    | __main__:annotate_category:189 | [标注] 自检通过: 事业单位/其他
2026-05-19 10:15:35.678 | DEBUG    | __main__:run:363 | [标注] {"name": "上海南翔东社区邻里中心", "affiliation": "事业单位", "point_type": "其他", "level": "二级事业单位", "feature": "嘉定区建筑面积最大的单体型邻里中心（13112平方米），2025年4月1日启用，集党群服务、社区公共服务与商业服务功能于一体，覆盖南翔云翔片区2个社区", "parent_company": "上海市嘉定区南翔镇人民政府", "constructor": "上海市嘉定区南翔镇人民政府"} (1次成功)
2026-05-19 10:15:35.678 | DEBUG    | __main__:run:366 | [4] 入库...
2026-05-19 10:15:35.680 | INFO     | __main__:save_result:264 | [入库] poi_id=9b606b07-c40f-4ff4-b045-522e4d115c66 事业单位/其他 rgb(255,117,51)/100000
2026-05-19 10:15:35.681 | INFO     | __main__:save_result:265 | [记录] 
2026-05-19 10:15:35.689 | DEBUG    | __main__:run:290 | ----------------------------------------
2026-05-19 10:15:35.689 | INFO     | __main__:run:291 | SPOT: 非遗工坊 | 浙江省/杭州市/萧山区/城厢街道
2026-05-19 10:15:35.689 | DEBUG    | __main__:run:295 | [1] 高德查询...
2026-05-19 10:15:35.760 | DEBUG    | backend.api.amap:_geo_to_address_once:164 | [高德] 逆地理完成，返回 5 个POI, 1 个AOI
2026-05-19 10:15:35.831 | DEBUG    | backend.api.amap:_name_to_poi_once:267 | [高德] 名称搜索完成，返回 5 个 POI
2026-05-19 10:15:35.832 | DEBUG    | backend.api.amap:query_candidates:345 | [高德] 候选去重后: 11 条
2026-05-19 10:15:35.834 | DEBUG    | backend.util.io:save_json:54 | [保存] /data/openclaw/tianmap-government/tmp/amap/20260519_101535_非遗工坊_9c795e08.json
2026-05-19 10:15:35.834 | DEBUG    | __main__:run:317 | [地址] 不一致: DB=城厢街道 → 高德=闻堰街道
2026-05-19 10:15:35.834 | DEBUG    | __main__:run:323 | [2] Agent 筛选高德...
2026-05-19 10:15:37.632 | DEBUG    | backend.api.hermes:chat_return_json:92 | [Hermes] JSON 解析失败: Extra data: line 5 column 4 (char 62)
2026-05-19 10:15:41.065 | DEBUG    | __main__:run:330 | [选择] 不使用 Amap 数据
2026-05-19 10:15:41.065 | DEBUG    | __main__:run:331 | [理由] SPOT名称'非遗工坊'是通用类别名称，非具体点位名。候选列表中距离最近的相关POI'抱朴造物非遗手作馆'(13.1km)和'西湖龙井非遗工坊'(13.5km)均距离过远，地址与目标位置萧山区闻堰街道不匹配。其他name_poi候选距离更远(15-20km)，地址均不在萧山区。geo_aoi'湘湖国家旅游度假区'是片区，不匹配。因此候选中无合适结果，选择none使用兜底方案。 (2次成功)
2026-05-19 10:15:41.065 | DEBUG    | __main__:run:355 | [3] Agent 标注分类...
2026-05-19 10:16:20.321 | DEBUG    | __main__:annotate_category:189 | [标注] 自检通过: 事业单位/文化场馆
2026-05-19 10:16:20.322 | DEBUG    | __main__:run:363 | [标注] {"name": "非遗工坊", "affiliation": "事业单位", "point_type": "文化场馆", "level": "社区级", "feature": "闻堰街道湖风社区印纹陶非遗传承实践基地，以茅湾窑印纹陶文化为核心，开展非遗体验、研学课程与社区文化活动", "parent_company": "萧山区文化和广电旅游体育局 & 闻堰街道办事处 & 萧山区非遗保护协会", "constructor": "信息待补充"} (1次成功)
2026-05-19 10:16:20.322 | DEBUG    | __main__:run:366 | [4] 入库...
2026-05-19 10:16:20.325 | INFO     | __main__:save_result:264 | [入库] poi_id=9c795e08-d63e-432e-9bfb-63f291bb2600 事业单位/文化场馆 rgb(255,117,51)/180000
2026-05-19 10:16:20.325 | INFO     | __main__:save_result:265 | [记录] {"township": ["闻堰街道", "城厢街道"]}
2026-05-19 10:16:20.333 | DEBUG    | __main__:run:290 | ----------------------------------------
2026-05-19 10:16:20.333 | INFO     | __main__:run:291 | SPOT: 菜鸟网络杭州仁和园区 | 浙江省/杭州市/余杭区/仁和街道
2026-05-19 10:16:20.333 | DEBUG    | __main__:run:295 | [1] 高德查询...
2026-05-19 10:16:20.398 | DEBUG    | backend.api.amap:_geo_to_address_once:164 | [高德] 逆地理完成，返回 5 个POI, 1 个AOI
2026-05-19 10:16:20.448 | DEBUG    | backend.api.amap:_name_to_poi_once:267 | [高德] 名称搜索完成，返回 4 个 POI
2026-05-19 10:16:20.449 | DEBUG    | backend.api.amap:query_candidates:345 | [高德] 候选去重后: 7 条
2026-05-19 10:16:20.450 | DEBUG    | backend.util.io:save_json:54 | [保存] /data/openclaw/tianmap-government/tmp/amap/20260519_101620_菜鸟网络杭州仁和园区_6eca5c19.json
2026-05-19 10:16:20.451 | DEBUG    | __main__:run:315 | [地址] 一致: 浙江省/杭州市/余杭区/仁和街道
2026-05-19 10:16:20.451 | DEBUG    | __main__:run:323 | [2] Agent 筛选高德...
2026-05-19 10:16:22.026 | DEBUG    | backend.api.hermes:chat_return_json:92 | [Hermes] JSON 解析失败: Expecting ',' delimiter: line 8 column 96 (char 231)
2026-05-19 10:16:23.525 | DEBUG    | __main__:select_type:113 | [选择] 自检通过: type=poi source=name_poi id=B0FFJM3W3J
2026-05-19 10:16:23.525 | DEBUG    | __main__:run:345 | [名称] 不一致: DB=菜鸟网络杭州仁和园区 → agent=仁和菜鸟网络园
2026-05-19 10:16:23.525 | DEBUG    | __main__:run:347 | [选择] name_poi | 37.34m | 第2名 | 前面: 菜鸟驿站(菜鸟网络杭州仁和园区店)(geo_poi)
2026-05-19 10:16:23.525 | DEBUG    | __main__:run:352 | [理由] 菜鸟网络杭州仁和园区为单体产业园区点位，非片区/商圈。候选中B0FFJM3W3J'仁和菜鸟网络园'为园区本体（amap_type=产业园区），名称与SPOT高度匹配且距离最近（37.34m）。B0HK6OGJHC为园区内菜鸟驿站（物流速递），属于园区内子点位，非园区本身。 (1次成功)
2026-05-19 10:16:23.525 | DEBUG    | __main__:run:355 | [3] Agent 标注分类...
2026-05-19 10:16:56.153 | DEBUG    | __main__:annotate_category:189 | [标注] 自检通过: 民营企业/混合所有制
2026-05-19 10:16:56.154 | DEBUG    | __main__:run:363 | [标注] {"name": "菜鸟网络杭州仁和园区", "affiliation": "民营企业", "point_type": "混合所有制", "level": "信息待补充", "feature": "菜鸟网络在杭州市余杭区的物流仓储园区，是菜鸟地网体系的重要组成部分，承担电商物流仓储与分拨功能", "parent_company": "阿里巴巴集团", "constructor": "信息待补充"} (1次成功)
2026-05-19 10:16:56.154 | DEBUG    | __main__:run:366 | [4] 入库...
2026-05-19 10:16:56.156 | INFO     | __main__:save_result:264 | [入库] poi_id=6eca5c19-a0e1-41ec-9aae-8f91f341235e 民营企业/混合所有制 rgb(112,243,255)/220000
2026-05-19 10:16:56.156 | INFO     | __main__:save_result:265 | [记录] 
2026-05-19 10:16:56.164 | DEBUG    | __main__:run:290 | ----------------------------------------
2026-05-19 10:16:56.165 | INFO     | __main__:run:291 | SPOT: 杉杉总部大厦 | 上海市/市辖区/浦东新区/上钢新村街道
2026-05-19 10:16:56.165 | DEBUG    | __main__:run:295 | [1] 高德查询...
2026-05-19 10:16:56.242 | DEBUG    | backend.api.amap:_geo_to_address_once:164 | [高德] 逆地理完成，返回 5 个POI, 1 个AOI
2026-05-19 10:16:56.281 | DEBUG    | backend.api.amap:_name_to_poi_once:267 | [高德] 名称搜索完成，返回 1 个 POI
2026-05-19 10:16:56.281 | DEBUG    | backend.api.amap:query_candidates:345 | [高德] 候选去重后: 6 条
2026-05-19 10:16:56.282 | DEBUG    | backend.util.io:save_json:54 | [保存] /data/openclaw/tianmap-government/tmp/amap/20260519_101656_杉杉总部大厦_1e9aedc6.json
2026-05-19 10:16:56.282 | DEBUG    | __main__:run:315 | [地址] 一致: 上海市//浦东新区/上钢新村街道
2026-05-19 10:16:56.282 | DEBUG    | __main__:run:323 | [2] Agent 筛选高德...
2026-05-19 10:16:57.904 | DEBUG    | __main__:select_type:113 | [选择] 自检通过: type=poi source=geo_poi id=B0FFH10PR8
2026-05-19 10:16:57.904 | DEBUG    | __main__:run:345 | [名称] 不一致: DB=杉杉总部大厦 → agent=上海君康金融广场
2026-05-19 10:16:57.905 | DEBUG    | __main__:run:349 | [选择] geo_poi | 9.67m | 第1名
2026-05-19 10:16:57.905 | DEBUG    | __main__:run:352 | [理由] 杉杉总部大厦是单体建筑，候选中无精确匹配的杉杉总部大厦，但距离最近的上海君康金融广场（9.67米）位于同一地址（耀元路39弄），推测杉杉总部大厦即该楼宇的别称或入驻主体，故选择该geo_poi作为最接近的匹配项。 (1次成功)
2026-05-19 10:16:57.905 | DEBUG    | __main__:run:355 | [3] Agent 标注分类...
2026-05-19 10:17:33.770 | DEBUG    | __main__:annotate_category:189 | [标注] 自检通过: 商业服务/写字楼
2026-05-19 10:17:33.770 | DEBUG    | __main__:run:363 | [标注] {"name": "杉杉总部大厦", "affiliation": "商业服务", "point_type": "写字楼", "level": "信息待补充", "feature": "杉杉控股总部所在地，位于上海后滩君康金融广场A座，由五瓣莲花造型建筑组成，被称为\"莲花楼\"，毗邻黄浦江，2022年1月正式启用", "parent_company": "杉杉控股有限公司", "constructor": "上海丰泰置业有限公司"} (1次成功)
2026-05-19 10:17:33.770 | DEBUG    | __main__:run:366 | [4] 入库...
2026-05-19 10:17:33.773 | INFO     | __main__:save_result:264 | [入库] poi_id=1e9aedc6-3153-4db8-b7ca-0897bde9ee58 商业服务/写字楼 rgb(51,187,255)/210000
2026-05-19 10:17:33.773 | INFO     | __main__:save_result:265 | [记录] 
2026-05-19 10:17:33.781 | DEBUG    | __main__:run:290 | ----------------------------------------
2026-05-19 10:17:33.781 | INFO     | __main__:run:291 | SPOT: 西岸凤巢AI PLAZA | 上海市/市辖区/徐汇区/
2026-05-19 10:17:33.782 | DEBUG    | __main__:run:295 | [1] 高德查询...
2026-05-19 10:17:33.871 | DEBUG    | backend.api.amap:_geo_to_address_once:164 | [高德] 逆地理完成，返回 5 个POI, 2 个AOI
2026-05-19 10:17:33.919 | DEBUG    | backend.api.amap:_name_to_poi_once:267 | [高德] 名称搜索完成，返回 1 个 POI
2026-05-19 10:17:33.920 | DEBUG    | backend.api.amap:query_candidates:345 | [高德] 候选去重后: 8 条
2026-05-19 10:17:33.921 | DEBUG    | backend.util.io:save_json:54 | [保存] /data/openclaw/tianmap-government/tmp/amap/20260519_101733_西岸凤巢AIPLAZA_27580088.json
2026-05-19 10:17:33.921 | DEBUG    | __main__:run:315 | [地址] 一致: 上海市//徐汇区/龙华街道
2026-05-19 10:17:33.921 | DEBUG    | __main__:run:323 | [2] Agent 筛选高德...
2026-05-19 10:17:35.670 | DEBUG    | __main__:select_type:113 | [选择] 自检通过: type=aoi source=geo_aoi id=B0GKX5DOBT
2026-05-19 10:17:35.670 | DEBUG    | __main__:run:345 | [名称] 不一致: DB=西岸凤巢AI PLAZA → agent=GATE M 西岸凤巢
2026-05-19 10:17:35.670 | DEBUG    | __main__:run:349 | [选择] geo_aoi | 0.0m | 第1名
2026-05-19 10:17:35.670 | DEBUG    | __main__:run:352 | [理由] 西岸凤巢AI PLAZA为商业综合体/商圈片区（AI PLAZA即万达广场品牌下的商业广场），非单体独立点位。候选中GATE M 西岸凤巢是距离最近（0m）的geo_aoi，且amap_type为'普通商场'，名称与SPOT名称高度匹配，代表该商圈主体。 (1次成功)
2026-05-19 10:17:35.671 | DEBUG    | __main__:run:355 | [3] Agent 标注分类...
2026-05-19 10:18:14.843 | DEBUG    | __main__:annotate_category:189 | [标注] 自检通过: 商业服务/商业综合体
2026-05-19 10:18:14.843 | DEBUG    | __main__:run:363 | [标注] {"name": "西岸凤巢AI PLAZA", "affiliation": "商业服务", "point_type": "商业综合体", "level": "信息待补充", "feature": "西岸集团首个商业旗舰项目，位于徐汇滨江核心区，总建面约7.5万平方米，'AI'代表ART+INTELLIGENCE寓意艺术与智慧的完美结合，2022年左右开业，2025年焕新升级", "parent_company": "上海西岸开发(集团)有限公司", "constructor": "上海西岸开发(集团)有限公司"} (1次成功)
2026-05-19 10:18:14.843 | DEBUG    | __main__:run:366 | [4] 入库...
2026-05-19 10:18:14.845 | INFO     | __main__:save_result:264 | [入库] poi_id=27580088-4cb9-45fd-8acd-b6f9850957a0 商业服务/商业综合体 rgb(51,187,255)/200000
2026-05-19 10:18:14.846 | INFO     | __main__:save_result:265 | [记录] 
2026-05-19 10:18:14.852 | DEBUG    | __main__:run:290 | ----------------------------------------
2026-05-19 10:18:14.852 | INFO     | __main__:run:291 | SPOT: 金鸡驿 | 江苏省/苏州市/吴中区/金鸡湖街道
2026-05-19 10:18:14.852 | DEBUG    | __main__:run:295 | [1] 高德查询...
2026-05-19 10:18:14.920 | DEBUG    | backend.api.amap:_geo_to_address_once:164 | [高德] 逆地理完成，返回 5 个POI, 1 个AOI
2026-05-19 10:18:15.077 | DEBUG    | backend.api.amap:_name_to_poi_once:267 | [高德] 名称搜索完成，返回 5 个 POI
2026-05-19 10:18:15.077 | DEBUG    | backend.api.amap:query_candidates:345 | [高德] 候选去重后: 11 条
2026-05-19 10:18:15.078 | DEBUG    | backend.util.io:save_json:54 | [保存] /data/openclaw/tianmap-government/tmp/amap/20260519_101815_金鸡驿_d9e30048.json
2026-05-19 10:18:15.079 | DEBUG    | __main__:run:315 | [地址] 一致: 江苏省/苏州市/吴中区/金鸡湖街道
2026-05-19 10:18:15.079 | DEBUG    | __main__:run:323 | [2] Agent 筛选高德...
2026-05-19 10:18:17.036 | DEBUG    | __main__:select_type:113 | [选择] 自检通过: type=aoi source=geo_aoi id=B020019OXQ
2026-05-19 10:18:17.036 | DEBUG    | __main__:run:345 | [名称] 不一致: DB=金鸡驿 → agent=金鸡湖景区
2026-05-19 10:18:17.037 | DEBUG    | __main__:run:349 | [选择] geo_aoi | 0.0m | 第1名
2026-05-19 10:18:17.037 | DEBUG    | __main__:run:352 | [理由] SPOT名称'金鸡驿'实际为金鸡湖景区内的创意商业街区/园区（类似园区/驿站综合体），非单体独立点位。候选中距离最近的geo_aoi结果'B020019OXQ 金鸡湖景区'（距离0.0）为该区域的核心AOI标签，可作为片区级归属。其余候选均为该街区内的具体商户（咖啡店、游客中心等单体POI），不适合作为'金鸡驿'整体片区的映射。 (1次成功)
2026-05-19 10:18:17.037 | DEBUG    | __main__:run:355 | [3] Agent 标注分类...
2026-05-19 10:18:17.936 | WARNING  | __main__:annotate_category:171 | [标注] 缺少字段: ['name', 'affiliation', 'point_type', 'level', 'feature', 'parent_company', 'constructor']，重试
2026-05-19 10:18:31.929 | DEBUG    | __main__:annotate_category:189 | [标注] 自检通过: 文化旅游/旅游景区
2026-05-19 10:18:31.929 | DEBUG    | __main__:run:363 | [标注] {"name": "金鸡驿", "affiliation": "文化旅游", "point_type": "旅游景区", "level": "5A", "feature": "金鸡湖环湖步道上的旅游驿站，共10座，融合江南雅韵与现代设计，提供咖啡、茶饮、阅读、咨询等便民暖心服务，串联文旅、运动、艺文等多元体验", "parent_company": "苏州工业园区管理委员会", "constructor": "苏州工业园区管理委员会"} (2次成功)
2026-05-19 10:18:31.929 | DEBUG    | __main__:run:366 | [4] 入库...
2026-05-19 10:18:31.932 | INFO     | __main__:save_result:264 | [入库] poi_id=d9e30048-88dc-4160-b5f0-12bb207e58ac 文化旅游/旅游景区 rgb(255,0,255)/260000
2026-05-19 10:18:31.932 | INFO     | __main__:save_result:265 | [记录] 
2026-05-19 10:18:31.940 | DEBUG    | __main__:run:290 | ----------------------------------------
2026-05-19 10:18:31.941 | INFO     | __main__:run:291 | SPOT: 天宁寺凌霄塔 | 河北省/石家庄市/正定县/正定镇
2026-05-19 10:18:31.941 | DEBUG    | __main__:run:295 | [1] 高德查询...
2026-05-19 10:18:32.048 | DEBUG    | backend.api.amap:_geo_to_address_once:164 | [高德] 逆地理完成，返回 5 个POI, 5 个AOI
2026-05-19 10:18:32.081 | DEBUG    | backend.api.amap:_name_to_poi_once:267 | [高德] 名称搜索完成，返回 5 个 POI
2026-05-19 10:18:32.081 | DEBUG    | backend.api.amap:query_candidates:345 | [高德] 候选去重后: 10 条
2026-05-19 10:18:32.083 | DEBUG    | backend.util.io:save_json:54 | [保存] /data/openclaw/tianmap-government/tmp/amap/20260519_101832_天宁寺凌霄塔_697568b2.json
2026-05-19 10:18:32.083 | DEBUG    | __main__:run:315 | [地址] 一致: 河北省/石家庄市/正定县/正定镇
2026-05-19 10:18:32.083 | DEBUG    | __main__:run:323 | [2] Agent 筛选高德...
2026-05-19 10:18:33.673 | DEBUG    | backend.api.hermes:chat_return_json:92 | [Hermes] JSON 解析失败: Extra data: line 1 column 72 (char 71)
2026-05-19 10:18:35.102 | DEBUG    | __main__:select_type:113 | [选择] 自检通过: type=poi source=geo_poi id=B013706D6J
2026-05-19 10:18:35.103 | DEBUG    | __main__:run:343 | [名称] 一致: 天宁寺凌霄塔
2026-05-19 10:18:35.103 | DEBUG    | __main__:run:347 | [选择] geo_poi | 11.91m | 第3名 | 前面: 正定古城南区(geo_aoi), 正定古城(geo_aoi)
2026-05-19 10:18:35.103 | DEBUG    | __main__:run:352 | [理由] 天宁寺凌霄塔是单体建筑/独立点位（古建筑塔楼），非片区/商圈。候选列表中第3条 geo_poi 类型 '天宁寺凌霄塔' 名称完全匹配，距离仅 11.91 米，且 amap_type 为 '风景名胜;风景名胜相关;旅游景点'，符合该点的属性。 (1次成功)
2026-05-19 10:18:35.103 | DEBUG    | __main__:run:355 | [3] Agent 标注分类...
2026-05-19 10:18:49.641 | DEBUG    | __main__:annotate_category:189 | [标注] 自检通过: 历史遗产/全国重点文保单位
2026-05-19 10:18:49.641 | DEBUG    | __main__:run:363 | [标注] {"name": "天宁寺凌霄塔", "affiliation": "历史遗产", "point_type": "全国重点文保单位", "level": "国保", "feature": "始建于唐咸通年间（860-873年），宋金时期重建，9层楼阁式砖木结构塔，高41米，平面八角形，塔身第4层中心有木质通天柱直达塔顶，此类结构国内现存仅此一例", "parent_company": "信息待补充", "constructor": "信息待补充"} (1次成功)
2026-05-19 10:18:49.642 | DEBUG    | __main__:run:366 | [4] 入库...
2026-05-19 10:18:49.644 | INFO     | __main__:save_result:264 | [入库] poi_id=697568b2-99af-49d7-9761-475cb47fabcb 历史遗产/全国重点文保单位 rgb(187,51,255)/260000
2026-05-19 10:18:49.644 | INFO     | __main__:save_result:265 | [记录] 
2026-05-19 10:18:49.652 | DEBUG    | __main__:run:290 | ----------------------------------------
2026-05-19 10:18:49.653 | INFO     | __main__:run:291 | SPOT: 镇江英国领事馆旧址 | 江苏省/镇江市/润州区/金山街道
2026-05-19 10:18:49.653 | DEBUG    | __main__:run:295 | [1] 高德查询...
2026-05-19 10:18:49.841 | DEBUG    | backend.api.amap:_geo_to_address_once:164 | [高德] 逆地理完成，返回 5 个POI, 3 个AOI
2026-05-19 10:18:49.908 | DEBUG    | backend.api.amap:_name_to_poi_once:267 | [高德] 名称搜索完成，返回 5 个 POI
2026-05-19 10:18:49.909 | DEBUG    | backend.api.amap:query_candidates:345 | [高德] 候选去重后: 9 条
2026-05-19 10:18:49.910 | DEBUG    | backend.util.io:save_json:54 | [保存] /data/openclaw/tianmap-government/tmp/amap/20260519_101849_镇江英国领事馆旧址_7108a459.json
2026-05-19 10:18:49.911 | DEBUG    | __main__:run:315 | [地址] 一致: 江苏省/镇江市/润州区/金山街道
2026-05-19 10:18:49.911 | DEBUG    | __main__:run:323 | [2] Agent 筛选高德...
2026-05-19 10:18:51.362 | DEBUG    | __main__:select_type:113 | [选择] 自检通过: type=poi source=geo_poi id=B0FFJ8YYIS
2026-05-19 10:18:51.363 | DEBUG    | __main__:run:345 | [名称] 不一致: DB=镇江英国领事馆旧址 → agent=镇江英国领事馆旧址办公楼
2026-05-19 10:18:51.363 | DEBUG    | __main__:run:347 | [选择] geo_poi | 2.75m | 第2名 | 前面: 西津渡古街(geo_aoi)
2026-05-19 10:18:51.363 | DEBUG    | __main__:run:352 | [理由] SPOT为单体建筑点位（文物古迹），候选中'镇江英国领事馆旧址办公楼'距离最近（2.75米）且名称完全匹配逆地理地址，source为geo_poi，为最优匹配 (1次成功)
2026-05-19 10:18:51.363 | DEBUG    | __main__:run:355 | [3] Agent 标注分类...
2026-05-19 10:19:36.992 | DEBUG    | __main__:annotate_category:189 | [标注] 自检通过: 历史遗产/全国重点文保单位
2026-05-19 10:19:36.992 | DEBUG    | __main__:run:363 | [标注] {"name": "镇江英国领事馆旧址", "affiliation": "历史遗产", "point_type": "全国重点文保单位", "level": "国保", "feature": "原英国领事馆建筑群，西式风格，1996年被国务院公布为全国重点文物保护单位，现为镇江博物馆组成部分", "parent_company": "镇江博物馆", "constructor": "信息待补充"} (1次成功)
2026-05-19 10:19:36.992 | DEBUG    | __main__:run:366 | [4] 入库...
2026-05-19 10:19:36.994 | INFO     | __main__:save_result:264 | [入库] poi_id=7108a459-815f-4c7f-a5e9-1decfedd57cb 历史遗产/全国重点文保单位 rgb(187,51,255)/260000
2026-05-19 10:19:36.994 | INFO     | __main__:save_result:265 | [记录] 
2026-05-19 10:19:36.999 | DEBUG    | __main__:run:290 | ----------------------------------------
2026-05-19 10:19:36.999 | INFO     | __main__:run:291 | SPOT: 维翰幼儿园 | 浙江省/杭州市/余杭区/五常街道
2026-05-19 10:19:36.999 | DEBUG    | __main__:run:295 | [1] 高德查询...
2026-05-19 10:19:37.212 | DEBUG    | backend.api.amap:_geo_to_address_once:164 | [高德] 逆地理完成，返回 5 个POI, 2 个AOI
2026-05-19 10:19:37.219 | DEBUG    | backend.api.amap:_name_to_poi_once:267 | [高德] 名称搜索完成，返回 2 个 POI
2026-05-19 10:19:37.220 | DEBUG    | backend.api.amap:query_candidates:345 | [高德] 候选去重后: 6 条
2026-05-19 10:19:37.221 | DEBUG    | backend.util.io:save_json:54 | [保存] /data/openclaw/tianmap-government/tmp/amap/20260519_101937_维翰幼儿园_016033d5.json
2026-05-19 10:19:37.221 | DEBUG    | __main__:run:315 | [地址] 一致: 浙江省/杭州市/余杭区/五常街道
2026-05-19 10:19:37.221 | DEBUG    | __main__:run:323 | [2] Agent 筛选高德...
2026-05-19 10:19:38.767 | DEBUG    | __main__:select_type:113 | [选择] 自检通过: type=poi source=geo_poi id=B0FFG9KKMI
2026-05-19 10:19:38.768 | DEBUG    | __main__:run:345 | [名称] 不一致: DB=维翰幼儿园 → agent=杭州未来科技城维翰幼儿园
2026-05-19 10:19:38.768 | DEBUG    | __main__:run:349 | [选择] geo_poi | 13.94m | 第1名
2026-05-19 10:19:38.768 | DEBUG    | __main__:run:352 | [理由] 维翰幼儿园是单体幼儿园点位，非片区/商圈。geo_poi 中第一条杭州未来科技城维翰幼儿园（距离13.94米）与SPOT名称高度匹配且距离最近，amap_type为幼儿园，直接对应。 (1次成功)
2026-05-19 10:19:38.768 | DEBUG    | __main__:run:355 | [3] Agent 标注分类...
2026-05-19 10:20:13.541 | DEBUG    | __main__:annotate_category:189 | [标注] 自检通过: 民营企业/民营独资
2026-05-19 10:20:13.542 | DEBUG    | __main__:run:363 | [标注] {"name": "杭州未来科技城维翰幼儿园", "affiliation": "民营企业", "point_type": "民营独资", "level": "信息待补充", "feature": "余杭区首家IB授权幼儿园，采用IB PYP课程体系，中外教协同包班，占地10000平方米，建筑达三星级绿色标准，学费约9.8万元/年", "parent_company": "杭州溪望投资管理有限公司", "constructor": "信息待补充"} (1次成功)
2026-05-19 10:20:13.542 | DEBUG    | __main__:run:366 | [4] 入库...
2026-05-19 10:20:13.544 | INFO     | __main__:save_result:264 | [入库] poi_id=016033d5-ffe6-4e49-9649-857efed316b2 民营企业/民营独资 rgb(112,243,255)/220000
2026-05-19 10:20:13.545 | INFO     | __main__:save_result:265 | [记录] {"name": ["杭州未来科技城维翰幼儿园", "维翰幼儿园"]}
2026-05-19 10:20:13.553 | DEBUG    | __main__:run:290 | ----------------------------------------
2026-05-19 10:20:13.553 | INFO     | __main__:run:291 | SPOT: 固城湖运动广场 | 江苏省/南京市/高淳区/淳溪街道
2026-05-19 10:20:13.553 | DEBUG    | __main__:run:295 | [1] 高德查询...
2026-05-19 10:20:13.651 | DEBUG    | backend.api.amap:_geo_to_address_once:164 | [高德] 逆地理完成，返回 5 个POI, 0 个AOI
2026-05-19 10:20:13.751 | DEBUG    | backend.api.amap:_name_to_poi_once:267 | [高德] 名称搜索完成，返回 5 个 POI
2026-05-19 10:20:13.752 | DEBUG    | backend.api.amap:query_candidates:345 | [高德] 候选去重后: 10 条
2026-05-19 10:20:13.753 | DEBUG    | backend.util.io:save_json:54 | [保存] /data/openclaw/tianmap-government/tmp/amap/20260519_102013_固城湖运动广场_022b71d8.json
2026-05-19 10:20:13.754 | DEBUG    | __main__:run:315 | [地址] 一致: 江苏省/南京市/高淳区/淳溪街道
2026-05-19 10:20:13.754 | DEBUG    | __main__:run:323 | [2] Agent 筛选高德...
2026-05-19 10:20:15.407 | DEBUG    | __main__:select_type:113 | [选择] 自检通过: type=poi source=name_poi id=B0L1YXFCAN
2026-05-19 10:20:15.407 | DEBUG    | __main__:run:345 | [名称] 不一致: DB=固城湖运动广场 → agent=固城湖运动广场(暂停营业)
2026-05-19 10:20:15.407 | DEBUG    | __main__:run:349 | [选择] name_poi | 75.74m | 第1名
2026-05-19 10:20:15.408 | DEBUG    | __main__:run:352 | [理由] SPOT名称'固城湖运动广场'为单体运动场馆点位，名称中含'广场'但实际为运动场所（amap_type: 体育休闲服务;运动场馆;运动场所），非商圈/片区。最近匹配为第1条name_poi，距离75.74米，名称完全一致。 (1次成功)
2026-05-19 10:20:15.408 | DEBUG    | __main__:run:355 | [3] Agent 标注分类...
2026-05-19 10:22:00.212 | DEBUG    | backend.api.hermes:chat_return_json:92 | [Hermes] JSON 解析失败: Extra data: line 11 column 1 (char 210)
2026-05-19 10:22:45.951 | DEBUG    | __main__:annotate_category:189 | [标注] 自检通过: 商业服务/其他
2026-05-19 10:22:45.951 | DEBUG    | __main__:run:363 | [标注] {"name": "固城湖运动广场", "affiliation": "商业服务", "point_type": "其他", "level": "信息待补充", "feature": "高淳区固城湖畔体育休闲运动场所，高德评分4.2，目前暂停营业", "parent_company": "信息待补充", "constructor": "信息待补充"} (1次成功)
2026-05-19 10:22:45.952 | DEBUG    | __main__:run:366 | [4] 入库...
2026-05-19 10:22:45.954 | INFO     | __main__:save_result:264 | [入库] poi_id=022b71d8-46fd-43ea-b524-fb132c1d27bb 商业服务/其他 rgb(51,187,255)/110000
2026-05-19 10:22:45.955 | INFO     | __main__:save_result:265 | [记录] 
2026-05-19 10:22:45.960 | DEBUG    | __main__:run:290 | ----------------------------------------
2026-05-19 10:22:45.960 | INFO     | __main__:run:291 | SPOT: 南京中比新能源 | 江苏省/南京市/高淳区/古柏街道
2026-05-19 10:22:45.960 | DEBUG    | __main__:run:295 | [1] 高德查询...
2026-05-19 10:22:46.048 | DEBUG    | backend.api.amap:_geo_to_address_once:164 | [高德] 逆地理完成，返回 5 个POI, 2 个AOI
2026-05-19 10:22:46.132 | DEBUG    | backend.api.amap:_name_to_poi_once:267 | [高德] 名称搜索完成，返回 4 个 POI
2026-05-19 10:22:46.133 | DEBUG    | backend.api.amap:query_candidates:345 | [高德] 候选去重后: 8 条
2026-05-19 10:22:46.134 | DEBUG    | backend.util.io:save_json:54 | [保存] /data/openclaw/tianmap-government/tmp/amap/20260519_102246_南京中比新能源_dea439b9.json
2026-05-19 10:22:46.135 | DEBUG    | __main__:run:315 | [地址] 一致: 江苏省/南京市/高淳区/古柏街道
2026-05-19 10:22:46.135 | DEBUG    | __main__:run:323 | [2] Agent 筛选高德...
2026-05-19 10:22:47.760 | DEBUG    | __main__:select_type:113 | [选择] 自检通过: type=poi source=geo_poi id=B0G1ZU69FB
2026-05-19 10:22:47.761 | DEBUG    | __main__:run:345 | [名称] 不一致: DB=南京中比新能源 → agent=南京中比新能源科技有限公司
2026-05-19 10:22:47.761 | DEBUG    | __main__:run:347 | [选择] geo_poi | 51.14m | 第2名 | 前面: 南京泰宇材料科技有限公司(geo_poi)
2026-05-19 10:22:47.761 | DEBUG    | __main__:run:352 | [理由] SPOT名称'南京中比新能源'为单体企业点位，候选中B0G1ZU69FB'南京中比新能源科技有限公司'名称完全匹配（仅省略'科技'二字），距离51.14米，地址沧溪路5号与逆地理地址一致，source为geo_poi，是最精确匹配。 (1次成功)
2026-05-19 10:22:47.761 | DEBUG    | __main__:run:355 | [3] Agent 标注分类...
2026-05-19 10:23:28.367 | DEBUG    | backend.api.hermes:chat_return_json:92 | [Hermes] JSON 解析失败: Extra data: line 11 column 1 (char 278)
2026-05-19 10:23:45.634 | DEBUG    | __main__:annotate_category:189 | [标注] 自检通过: 民营企业/民营独资
2026-05-19 10:23:45.634 | DEBUG    | __main__:run:363 | [标注] {"name": "南京中比新能源科技有限公司", "affiliation": "民营企业", "point_type": "民营独资", "level": "信息待补充", "feature": "中比新能源(CBAK能源科技)旗下企业，集锂电池研发、生产、销售为一体的动力电池高新技术企业，中国第一家在美国纳斯达克上市的锂电池企业(股票代码:CBAT)", "parent_company": "CBAK能源科技", "constructor": "信息待补充"} (1次成功)
2026-05-19 10:23:45.634 | DEBUG    | __main__:run:366 | [4] 入库...
2026-05-19 10:23:45.637 | INFO     | __main__:save_result:264 | [入库] poi_id=dea439b9-804c-498a-9b43-86e811c2e908 民营企业/民营独资 rgb(112,243,255)/220000
2026-05-19 10:23:45.637 | INFO     | __main__:save_result:265 | [记录] {"name": ["南京中比新能源科技有限公司", "南京中比新能源"]}
2026-05-19 10:23:45.645 | DEBUG    | __main__:run:290 | ----------------------------------------
2026-05-19 10:23:45.645 | INFO     | __main__:run:291 | SPOT: 北固山（5A） | 江苏省/镇江市/京口区/4牌楼街道
2026-05-19 10:23:45.646 | DEBUG    | __main__:run:295 | [1] 高德查询...
2026-05-19 10:23:45.728 | DEBUG    | backend.api.amap:_geo_to_address_once:164 | [高德] 逆地理完成，返回 5 个POI, 1 个AOI
2026-05-19 10:23:45.869 | DEBUG    | backend.api.amap:_name_to_poi_once:267 | [高德] 名称搜索完成，返回 5 个 POI
2026-05-19 10:23:45.869 | DEBUG    | backend.api.amap:query_candidates:345 | [高德] 候选去重后: 8 条
2026-05-19 10:23:45.871 | DEBUG    | backend.util.io:save_json:54 | [保存] /data/openclaw/tianmap-government/tmp/amap/20260519_102345_北固山5A_8f79b34d.json
2026-05-19 10:23:45.871 | DEBUG    | __main__:run:317 | [地址] 不一致: DB=4牌楼街道 → 高德=四牌楼街道
2026-05-19 10:23:45.871 | DEBUG    | __main__:run:323 | [2] Agent 筛选高德...
2026-05-19 10:23:47.238 | DEBUG    | __main__:select_type:113 | [选择] 自检通过: type=poi source=geo_poi id=B0L1Y5EELF
2026-05-19 10:23:47.238 | DEBUG    | __main__:run:345 | [名称] 不一致: DB=北固山（5A） → agent=北固山公园-雄浑
2026-05-19 10:23:47.238 | DEBUG    | __main__:run:349 | [选择] geo_poi | 22.77m | 第1名
2026-05-19 10:23:47.238 | DEBUG    | __main__:run:352 | [理由] 北固山（5A）为自然山体景区，属于单体点位而非片区商圈。候选中北固山公园-雄浑距离最近(22.77m)，且amap_type为'风景名胜;风景名胜相关;旅游景点'，与北固山作为风景名胜的属性匹配，是景区内最核心的景点。 (1次成功)
2026-05-19 10:23:47.238 | DEBUG    | __main__:run:355 | [3] Agent 标注分类...
2026-05-19 10:24:45.600 | DEBUG    | backend.api.hermes:chat_return_json:92 | [Hermes] JSON 解析失败: Extra data: line 10 column 1 (char 239)
2026-05-19 10:25:12.313 | DEBUG    | backend.api.hermes:chat_return_json:92 | [Hermes] JSON 解析失败: Extra data: line 10 column 1 (char 269)
2026-05-19 10:25:49.736 | DEBUG    | __main__:annotate_category:189 | [标注] 自检通过: 文化旅游/旅游景区
2026-05-19 10:25:49.737 | DEBUG    | __main__:run:363 | [标注] {"name": "北固山（5A）", "affiliation": "文化旅游", "point_type": "旅游景区", "level": "5A", "feature": "镇江三山名胜之一，有京口第一山之称，以天下第一江山闻名于世，主峰三面临江，著名景点包括甘露寺、多景楼、溜马涧等，与三国孙刘联盟历史相关", "parent_company": "镇江文化旅游产业集团有限责任公司 → 镇江旅游发展有限公司", "constructor": "信息待补充"} (1次成功)
2026-05-19 10:25:49.737 | DEBUG    | __main__:run:366 | [4] 入库...
2026-05-19 10:25:49.740 | INFO     | __main__:save_result:264 | [入库] poi_id=8f79b34d-0c7a-414c-9f56-b59c716ff01d 文化旅游/旅游景区 rgb(255,0,255)/260000
2026-05-19 10:25:49.740 | INFO     | __main__:save_result:265 | [记录] {"township": ["四牌楼街道", "4牌楼街道"]}
2026-05-19 10:25:49.748 | DEBUG    | __main__:run:290 | ----------------------------------------
2026-05-19 10:25:49.748 | INFO     | __main__:run:291 | SPOT: 御窑金砖博物馆 | 江苏省/苏州市/相城区/元和街道
2026-05-19 10:25:49.748 | DEBUG    | __main__:run:295 | [1] 高德查询...
2026-05-19 10:25:49.826 | DEBUG    | backend.api.amap:_geo_to_address_once:164 | [高德] 逆地理完成，返回 5 个POI, 2 个AOI
2026-05-19 10:25:49.892 | DEBUG    | backend.api.amap:_name_to_poi_once:267 | [高德] 名称搜索完成，返回 5 个 POI
2026-05-19 10:25:49.892 | DEBUG    | backend.api.amap:query_candidates:345 | [高德] 候选去重后: 9 条
2026-05-19 10:25:49.893 | DEBUG    | backend.util.io:save_json:54 | [保存] /data/openclaw/tianmap-government/tmp/amap/20260519_102549_御窑金砖博物馆_c2205ace.json
2026-05-19 10:25:49.893 | DEBUG    | __main__:run:315 | [地址] 一致: 江苏省/苏州市/相城区/元和街道
2026-05-19 10:25:49.893 | DEBUG    | __main__:run:323 | [2] Agent 筛选高德...
2026-05-19 10:25:51.802 | DEBUG    | __main__:select_type:113 | [选择] 自检通过: type=poi source=name_poi id=B0MG95Q7EH
2026-05-19 10:25:51.802 | DEBUG    | __main__:run:345 | [名称] 不一致: DB=御窑金砖博物馆 → agent=苏州御窑金砖博物馆-主馆
2026-05-19 10:25:51.802 | DEBUG    | __main__:run:347 | [选择] name_poi | 63.85m | 第5名 | 前面: 苏州御窑金砖博物馆服务大厅(geo_poi), 御窑花园(geo_aoi), 残窑7号(name_poi), 苏州御窑遗址园(geo_poi)
2026-05-19 10:25:51.802 | DEBUG    | __main__:run:352 | [理由] 御窑金砖博物馆为单体建筑/独立点位，应选POI。候选中有geo_poi的'苏州御窑金砖博物馆服务大厅'(13.43m)和name_poi的'苏州御窑金砖博物馆-主馆'(63.85m)。SPOT名称为'御窑金砖博物馆'，'主馆'与名称最匹配，且name_poi搜索直接针对该名称返回，比geo_poi的'服务大厅'更贴合主体建筑。选择主馆作为最佳匹配。 (1次成功)
2026-05-19 10:25:51.802 | DEBUG    | __main__:run:355 | [3] Agent 标注分类...
2026-05-19 10:25:52.911 | DEBUG    | __main__:annotate_category:189 | [标注] 自检通过: 文化旅游/文化景区
2026-05-19 10:25:52.912 | DEBUG    | __main__:run:363 | [标注] {"name": "御窑金砖博物馆", "affiliation": "文化旅游", "point_type": "文化景区", "level": "4A", "feature": "国内首个以御窑金砖为主题的专业博物馆，位于苏州相城区阳澄湖畔，展示苏州御窑金砖制作技艺及历史", "parent_company": "信息待补充", "constructor": "信息待补充"} (1次成功)
2026-05-19 10:25:52.912 | DEBUG    | __main__:run:366 | [4] 入库...
2026-05-19 10:25:52.914 | INFO     | __main__:save_result:264 | [入库] poi_id=c2205ace-f798-4a60-91f2-9724effca932 文化旅游/文化景区 rgb(255,0,255)/260000
2026-05-19 10:25:52.915 | INFO     | __main__:save_result:265 | [记录] 
2026-05-19 10:25:52.922 | DEBUG    | __main__:run:290 | ----------------------------------------
2026-05-19 10:25:52.923 | INFO     | __main__:run:291 | SPOT: 南京港 | 江苏省/南京市/栖霞区/龙潭街道
2026-05-19 10:25:52.923 | DEBUG    | __main__:run:295 | [1] 高德查询...
2026-05-19 10:25:53.015 | DEBUG    | backend.api.amap:_geo_to_address_once:164 | [高德] 逆地理完成，返回 5 个POI, 0 个AOI
2026-05-19 10:25:53.095 | DEBUG    | backend.api.amap:_name_to_poi_once:267 | [高德] 名称搜索完成，返回 5 个 POI
2026-05-19 10:25:53.095 | DEBUG    | backend.api.amap:query_candidates:345 | [高德] 候选去重后: 9 条
2026-05-19 10:25:53.097 | DEBUG    | backend.util.io:save_json:54 | [保存] /data/openclaw/tianmap-government/tmp/amap/20260519_102553_南京港_56f0eb7f.json
2026-05-19 10:25:53.097 | DEBUG    | __main__:run:315 | [地址] 一致: 江苏省/南京市/栖霞区/龙潭街道
2026-05-19 10:25:53.097 | DEBUG    | __main__:run:323 | [2] Agent 筛选高德...
2026-05-19 10:25:54.704 | DEBUG    | __main__:select_type:113 | [选择] 自检通过: type=poi source=geo_poi id=B00190CQQB
2026-05-19 10:25:54.705 | DEBUG    | __main__:run:345 | [名称] 不一致: DB=南京港 → agent=南京港龙潭港区
2026-05-19 10:25:54.705 | DEBUG    | __main__:run:347 | [选择] geo_poi | 657.84m | 第2名 | 前面: 沃尔沃汽车民生物流南京仓库(geo_poi)
2026-05-19 10:25:54.705 | WARNING  | __main__:run:351 | [警告] 657.84m 超出阈值
2026-05-19 10:25:54.705 | DEBUG    | __main__:run:352 | [理由] SPOT名称为'南京港'，是单体点位。候选中最近的是沃尔沃仓库(477m)但名称不匹配。'南京港龙潭港区'距离658m，名称含'南京港'且为产业园区类POI，是南京港在龙潭区域的港区实体，与SPOT名称最直接匹配，且为geo_poi来源。 (1次成功)
2026-05-19 10:25:54.705 | DEBUG    | __main__:run:355 | [3] Agent 标注分类...
2026-05-19 10:25:55.108 | DEBUG    | backend.api.hermes:chat_return_json:87 | [Hermes] 响应中未找到 JSON 对象
2026-05-19 10:26:47.427 | DEBUG    | __main__:annotate_category:189 | [标注] 自检通过: 基础设施/交通设施
2026-05-19 10:26:47.427 | DEBUG    | __main__:run:363 | [标注] {"name": "南京港", "affiliation": "基础设施", "point_type": "交通设施", "level": "亿吨级港口", "feature": "我国内河最大石油及液体化工品中转储存港，2025年集装箱吞吐量突破400万标箱，龙潭港区为核心港区", "parent_company": "江苏省港口集团有限公司", "constructor": "信息待补充"} (1次成功)
2026-05-19 10:26:47.428 | DEBUG    | __main__:run:366 | [4] 入库...
2026-05-19 10:26:47.430 | INFO     | __main__:save_result:264 | [入库] poi_id=56f0eb7f-11be-48df-90e7-c6f9f749b3ee 基础设施/交通设施 rgb(100,100,100)/250000
2026-05-19 10:26:47.431 | INFO     | __main__:save_result:265 | [记录] 
2026-05-19 10:26:47.438 | DEBUG    | __main__:run:290 | ----------------------------------------
2026-05-19 10:26:47.439 | INFO     | __main__:run:291 | SPOT: 新时代家居生活广场 | 浙江省/杭州市/西湖区/三墩镇
2026-05-19 10:26:47.439 | DEBUG    | __main__:run:295 | [1] 高德查询...
2026-05-19 10:26:47.525 | DEBUG    | backend.api.amap:_geo_to_address_once:164 | [高德] 逆地理完成，返回 5 个POI, 1 个AOI
2026-05-19 10:26:47.626 | DEBUG    | backend.api.amap:_name_to_poi_once:267 | [高德] 名称搜索完成，返回 5 个 POI
2026-05-19 10:26:47.627 | DEBUG    | backend.api.amap:query_candidates:345 | [高德] 候选去重后: 10 条
2026-05-19 10:26:47.628 | DEBUG    | backend.util.io:save_json:54 | [保存] /data/openclaw/tianmap-government/tmp/amap/20260519_102647_新时代家居生活广场_4bb6e27b.json
2026-05-19 10:26:47.628 | DEBUG    | __main__:run:315 | [地址] 一致: 浙江省/杭州市/西湖区/三墩镇
2026-05-19 10:26:47.629 | DEBUG    | __main__:run:323 | [2] Agent 筛选高德...
2026-05-19 10:26:49.097 | DEBUG    | __main__:select_type:113 | [选择] 自检通过: type=aoi source=geo_aoi id=B0FFFV38SK
2026-05-19 10:26:49.097 | DEBUG    | __main__:run:345 | [名称] 不一致: DB=新时代家居生活广场 → agent=新时代家居生活广场(古墩店)
2026-05-19 10:26:49.097 | DEBUG    | __main__:run:349 | [选择] geo_aoi | 0.0m | 第1名
2026-05-19 10:26:49.098 | DEBUG    | __main__:run:352 | [理由] SPOT名称为'新时代家居生活广场'，属于家居建材综合卖场（片区/商圈），非单体门店。候选中B0FFFV38SK距离0米、名称完全匹配、类型为'购物服务;家居建材市场;家具城'，且source为geo_aoi，符合片区特征。 (1次成功)
2026-05-19 10:26:49.098 | DEBUG    | __main__:run:355 | [3] Agent 标注分类...
2026-05-19 10:27:16.426 | DEBUG    | __main__:annotate_category:189 | [标注] 自检通过: 商业服务/商业综合体
2026-05-19 10:27:16.427 | DEBUG    | __main__:run:363 | [标注] {"name": "新时代家居生活广场(古墩店)", "affiliation": "商业服务", "point_type": "商业综合体", "level": "信息待补充", "feature": "前身为1997年开业的杭州新时代装饰材料市场，总营业面积12万平方米（集团总32万平方米），中国首个家居CBD核心区，涵盖家具、建材、家饰等全品类，设有卫浴、瓷砖等十八大特色馆区，2021年入围中国商品市场综合百强，拥有412个品牌商户", "parent_company": "杭州钱江制冷集团有限公司", "constructor": "信息待补充"} (1次成功)
2026-05-19 10:27:16.427 | DEBUG    | __main__:run:366 | [4] 入库...
2026-05-19 10:27:16.430 | INFO     | __main__:save_result:264 | [入库] poi_id=4bb6e27b-76c1-4cb3-858a-1ee74410d873 商业服务/商业综合体 rgb(51,187,255)/200000
2026-05-19 10:27:16.430 | INFO     | __main__:save_result:265 | [记录] {"name": ["新时代家居生活广场(古墩店)", "新时代家居生活广场"]}
2026-05-19 10:27:16.438 | DEBUG    | __main__:run:290 | ----------------------------------------
2026-05-19 10:27:16.438 | INFO     | __main__:run:291 | SPOT: 西子智慧产业园 | 浙江省/杭州市/上城区/丁兰街道
2026-05-19 10:27:16.438 | DEBUG    | __main__:run:295 | [1] 高德查询...
2026-05-19 10:27:16.524 | DEBUG    | backend.api.amap:_geo_to_address_once:164 | [高德] 逆地理完成，返回 5 个POI, 1 个AOI
2026-05-19 10:27:16.598 | DEBUG    | backend.api.amap:_name_to_poi_once:267 | [高德] 名称搜索完成，返回 5 个 POI
2026-05-19 10:27:16.598 | DEBUG    | backend.api.amap:query_candidates:345 | [高德] 候选去重后: 9 条
2026-05-19 10:27:16.599 | DEBUG    | backend.util.io:save_json:54 | [保存] /data/openclaw/tianmap-government/tmp/amap/20260519_102716_西子智慧产业园_16639a72.json
2026-05-19 10:27:16.600 | DEBUG    | __main__:run:315 | [地址] 一致: 浙江省/杭州市/上城区/丁兰街道
2026-05-19 10:27:16.600 | DEBUG    | __main__:run:323 | [2] Agent 筛选高德...
2026-05-19 10:27:19.809 | DEBUG    | __main__:select_type:113 | [选择] 自检通过: type=poi source=geo_poi id=B0FFHT6SUC
2026-05-19 10:27:19.809 | DEBUG    | __main__:run:343 | [名称] 一致: 西子智慧产业园
2026-05-19 10:27:19.810 | DEBUG    | __main__:run:347 | [选择] geo_poi | 87.46m | 第7名 | 前面: 西子智慧产业园-会议中心(name_poi), 浙江西子联合工程有限公司(name_poi), 上城区丁兰街道同协路1279西子智慧产业园6幢1楼2楼(name_poi), 西子智慧产业园招商中心(name_poi), 杭州吉影文化传播有限公司(geo_poi), 中科院资本数字经济创新中心(geo_poi)
2026-05-19 10:27:19.810 | DEBUG    | __main__:run:352 | [理由] 西子智慧产业园为产业园区，属片区类型，应优先选 geo_aoi，但候选中无 geo_aoi。名称完全匹配的 B0FFHT6SUC 为 geo_poi 来源的产业园区，距离 87.46 米，是候选中唯一代表园区整体的点位，优于子建筑/附属机构条目 (1次成功)
2026-05-19 10:27:19.810 | DEBUG    | __main__:run:355 | [3] Agent 标注分类...
2026-05-19 10:28:11.093 | DEBUG    | __main__:annotate_category:189 | [标注] 自检通过: 商业服务/商业综合体
2026-05-19 10:28:11.093 | DEBUG    | __main__:run:363 | [标注] {"name": "西子智慧产业园", "affiliation": "商业服务", "point_type": "商业综合体", "level": "信息待补充", "feature": "由西子洁能投资20亿元分三期建设的智慧型综合产业园区，占地323亩，建筑面积近40万平方米，前身为杭州锅炉厂丁桥厂区。集研发、智能制造、产业孵化、信息技术于一体，配备商业、教育、娱乐和居住等配套设施，形成智能制造、人工智能（浙江人形机器人赛训基地）等三大产业集聚", "parent_company": "西子洁能", "constructor": "西子洁能"} (1次成功)
2026-05-19 10:28:11.093 | DEBUG    | __main__:run:366 | [4] 入库...
2026-05-19 10:28:11.096 | INFO     | __main__:save_result:264 | [入库] poi_id=16639a72-1000-4d0e-ab29-98f308410b10 商业服务/商业综合体 rgb(51,187,255)/200000
2026-05-19 10:28:11.096 | INFO     | __main__:save_result:265 | [记录] 
2026-05-19 10:28:11.104 | DEBUG    | __main__:run:290 | ----------------------------------------
2026-05-19 10:28:11.104 | INFO     | __main__:run:291 | SPOT: 南京星河WORLD | 江苏省/南京市/玄武区/
2026-05-19 10:28:11.104 | DEBUG    | __main__:run:295 | [1] 高德查询...
2026-05-19 10:28:11.184 | DEBUG    | backend.api.amap:_geo_to_address_once:164 | [高德] 逆地理完成，返回 5 个POI, 4 个AOI
2026-05-19 10:28:11.276 | DEBUG    | backend.api.amap:_name_to_poi_once:267 | [高德] 名称搜索完成，返回 5 个 POI
2026-05-19 10:28:11.277 | DEBUG    | backend.api.amap:query_candidates:345 | [高德] 候选去重后: 10 条
2026-05-19 10:28:11.278 | DEBUG    | backend.util.io:save_json:54 | [保存] /data/openclaw/tianmap-government/tmp/amap/20260519_102811_南京星河WORLD_bbb6ff80.json
2026-05-19 10:28:11.279 | DEBUG    | __main__:run:315 | [地址] 一致: 江苏省/南京市/玄武区/红山街道
2026-05-19 10:28:11.279 | DEBUG    | __main__:run:323 | [2] Agent 筛选高德...
2026-05-19 10:28:18.223 | DEBUG    | __main__:select_type:113 | [选择] 自检通过: type=aoi source=geo_aoi id=B0LRHCA361
2026-05-19 10:28:18.223 | DEBUG    | __main__:run:345 | [名称] 不一致: DB=南京星河WORLD → agent=壮观天下国际街区
2026-05-19 10:28:18.223 | DEBUG    | __main__:run:349 | [选择] geo_aoi | 0.0m | 第1名
2026-05-19 10:28:18.224 | DEBUG    | __main__:run:352 | [理由] SPOT名称'南京星河WORLD'为产业园/片区性质，优先选aoi。候选中距离最近的geo_aoi为'壮观天下国际街区'(distance 0.0)，按aoi优先选geo_aoi来源规则，故选此项。虽然名称不完全匹配，但符合规则优先级。 (3次成功)
2026-05-19 10:28:18.224 | DEBUG    | __main__:run:355 | [3] Agent 标注分类...
2026-05-19 10:29:31.455 | DEBUG    | backend.api.hermes:chat_return_json:92 | [Hermes] JSON 解析失败: Expecting ',' delimiter: line 6 column 91 (char 185)
2026-05-19 10:30:26.189 | DEBUG    | __main__:annotate_category:189 | [标注] 自检通过: 商业服务/商业综合体
2026-05-19 10:30:26.190 | DEBUG    | __main__:run:363 | [标注] {"name": "南京星河WORLD", "affiliation": "商业服务", "point_type": "商业综合体", "level": "省级现代服务业高质量发展集聚示范区", "feature": "红山新城核心产业载体，总建筑面积约60万平方米，由星河控股投资打造的产融联盟新城，包含产业办公、购物中心、住宅、教育等多元业态。入驻率超90%，聚集超300家企业，主导产业包括物联网、云计算、智能制造、跨境电商、数据要素、绿色低碳。部分楼宇获LEED绿色建筑认证，配套星河COCO City商业综合体。", "parent_company": "星河控股集团", "constructor": "南京星河博源房地产开发有限公司"} (1次成功)
2026-05-19 10:30:26.190 | DEBUG    | __main__:run:366 | [4] 入库...
2026-05-19 10:30:26.192 | INFO     | __main__:save_result:264 | [入库] poi_id=bbb6ff80-2f06-45c3-90e4-77a65cead1e1 商业服务/商业综合体 rgb(51,187,255)/200000
2026-05-19 10:30:26.193 | INFO     | __main__:save_result:265 | [记录] 
2026-05-19 10:30:26.199 | DEBUG    | __main__:run:290 | ----------------------------------------
2026-05-19 10:30:26.199 | INFO     | __main__:run:291 | SPOT: 余杭万达 | 浙江省/杭州市/余杭区/余杭街道
2026-05-19 10:30:26.199 | DEBUG    | __main__:run:295 | [1] 高德查询...
2026-05-19 10:30:26.287 | DEBUG    | backend.api.amap:_geo_to_address_once:164 | [高德] 逆地理完成，返回 5 个POI, 1 个AOI
2026-05-19 10:30:26.562 | DEBUG    | backend.api.amap:_name_to_poi_once:267 | [高德] 名称搜索完成，返回 5 个 POI
2026-05-19 10:30:26.562 | DEBUG    | backend.api.amap:query_candidates:345 | [高德] 候选去重后: 10 条
2026-05-19 10:30:26.563 | DEBUG    | backend.util.io:save_json:54 | [保存] /data/openclaw/tianmap-government/tmp/amap/20260519_103026_余杭万达_99b969ab.json
2026-05-19 10:30:26.563 | DEBUG    | __main__:run:315 | [地址] 一致: 浙江省/杭州市/余杭区/余杭街道
2026-05-19 10:30:26.563 | DEBUG    | __main__:run:323 | [2] Agent 筛选高德...
2026-05-19 10:30:29.060 | DEBUG    | __main__:select_type:113 | [选择] 自检通过: type=aoi source=geo_aoi id=B0FFH352AP
2026-05-19 10:30:29.060 | DEBUG    | __main__:run:345 | [名称] 不一致: DB=余杭万达 → agent=万达广场(杭州余杭店)
2026-05-19 10:30:29.060 | DEBUG    | __main__:run:349 | [选择] geo_aoi | 0.0m | 第1名
2026-05-19 10:30:29.060 | DEBUG    | __main__:run:352 | [理由] 余杭万达为万达广场(杭州余杭店)的简称，属于购物中心/商圈类片区点位，优先匹配 geo_aoi。第一条 geo_aoi 候选名称完全对应，距离 0.0，最为匹配。 (1次成功)
2026-05-19 10:30:29.061 | DEBUG    | __main__:run:355 | [3] Agent 标注分类...
2026-05-19 10:30:59.728 | DEBUG    | __main__:annotate_category:189 | [标注] 自检通过: 商业服务/商业综合体
2026-05-19 10:30:59.729 | DEBUG    | __main__:run:363 | [标注] {"name": "万达广场(杭州余杭店)", "affiliation": "商业服务", "point_type": "商业综合体", "level": "信息待补充", "feature": "余杭区核心商业综合体，集购物、餐饮、娱乐、休闲于一体", "parent_company": "珠海万达商管集团", "constructor": "珠海万达商管集团"} (1次成功)
2026-05-19 10:30:59.729 | DEBUG    | __main__:run:366 | [4] 入库...
2026-05-19 10:30:59.732 | INFO     | __main__:save_result:264 | [入库] poi_id=99b969ab-ca52-4d93-be5f-f90eeec88031 商业服务/商业综合体 rgb(51,187,255)/200000
2026-05-19 10:30:59.732 | INFO     | __main__:save_result:265 | [记录] {"name": ["万达广场(杭州余杭店)", "余杭万达"]}
2026-05-19 10:30:59.740 | DEBUG    | __main__:run:290 | ----------------------------------------
2026-05-19 10:30:59.740 | INFO     | __main__:run:291 | SPOT: 沈阳建筑大学 | 辽宁省/沈阳市/浑南区/五三街道
2026-05-19 10:30:59.741 | DEBUG    | __main__:run:295 | [1] 高德查询...
2026-05-19 10:30:59.829 | DEBUG    | backend.api.amap:_geo_to_address_once:164 | [高德] 逆地理完成，返回 5 个POI, 1 个AOI
2026-05-19 10:30:59.912 | DEBUG    | backend.api.amap:_name_to_poi_once:267 | [高德] 名称搜索完成，返回 5 个 POI
2026-05-19 10:30:59.912 | DEBUG    | backend.api.amap:query_candidates:345 | [高德] 候选去重后: 9 条
2026-05-19 10:30:59.913 | DEBUG    | backend.util.io:save_json:54 | [保存] /data/openclaw/tianmap-government/tmp/amap/20260519_103059_沈阳建筑大学_dda67b81.json
2026-05-19 10:30:59.913 | DEBUG    | __main__:run:315 | [地址] 一致: 辽宁省/沈阳市/浑南区/五三街道
2026-05-19 10:30:59.913 | DEBUG    | __main__:run:323 | [2] Agent 筛选高德...
2026-05-19 10:31:01.966 | DEBUG    | __main__:select_type:113 | [选择] 自检通过: type=aoi source=geo_aoi id=B00180KABA
2026-05-19 10:31:01.966 | DEBUG    | __main__:run:343 | [名称] 一致: 沈阳建筑大学
2026-05-19 10:31:01.966 | DEBUG    | __main__:run:349 | [选择] geo_aoi | 0.0m | 第1名
2026-05-19 10:31:01.967 | DEBUG    | __main__:run:352 | [理由] 沈阳建筑大学为高等院校单体建筑/校区，属于单体点位。geo_aoi 返回的 B00180KABA 距离为 0.0 且名称完全匹配，为该区域覆盖的主体 AOI 数据，类型标注为'科教文化服务;学校;高等院校'，最准确。 (1次成功)
2026-05-19 10:31:01.967 | DEBUG    | __main__:run:355 | [3] Agent 标注分类...
2026-05-19 10:31:19.920 | DEBUG    | __main__:annotate_category:189 | [标注] 自检通过: 高等教育/本科高校
2026-05-19 10:31:19.920 | DEBUG    | __main__:run:363 | [标注] {"name": "沈阳建筑大学", "affiliation": "高等教育", "point_type": "本科高校", "level": "信息待补充", "feature": "以建筑、土木学科为特色和优势的省部共建高校，入选国家111计划及中西部高校基础能力建设工程，前身为1948年创建的东北军区军工部工业专门学校，拥有3个博士后科研流动站、4个博士一级学科，18个学院，53种本科专业", "parent_company": "辽宁省人民政府 & 辽宁省教育厅", "constructor": "信息待补充"} (1次成功)
2026-05-19 10:31:19.920 | DEBUG    | __main__:run:366 | [4] 入库...
2026-05-19 10:31:19.923 | INFO     | __main__:save_result:264 | [入库] poi_id=dda67b81-b2d0-421d-8695-be354e04e39d 高等教育/本科高校 rgb(255,255,0)/160000
2026-05-19 10:31:19.923 | INFO     | __main__:save_result:265 | [记录] 
2026-05-19 10:31:19.930 | DEBUG    | __main__:run:290 | ----------------------------------------
2026-05-19 10:31:19.930 | INFO     | __main__:run:291 | SPOT: 江苏省现代美术馆 | 江苏省/南京市/建邺区/南苑街道
2026-05-19 10:31:19.930 | DEBUG    | __main__:run:295 | [1] 高德查询...
2026-05-19 10:31:20.025 | DEBUG    | backend.api.amap:_geo_to_address_once:164 | [高德] 逆地理完成，返回 5 个POI, 1 个AOI
2026-05-19 10:31:20.063 | DEBUG    | backend.api.amap:_name_to_poi_once:267 | [高德] 名称搜索完成，返回 4 个 POI
2026-05-19 10:31:20.064 | DEBUG    | backend.api.amap:query_candidates:345 | [高德] 候选去重后: 9 条
2026-05-19 10:31:20.065 | DEBUG    | backend.util.io:save_json:54 | [保存] /data/openclaw/tianmap-government/tmp/amap/20260519_103120_江苏省现代美术馆_f9dfdf20.json
2026-05-19 10:31:20.066 | DEBUG    | __main__:run:315 | [地址] 一致: 江苏省/南京市/建邺区/南苑街道
2026-05-19 10:31:20.066 | DEBUG    | __main__:run:323 | [2] Agent 筛选高德...
2026-05-19 10:31:22.190 | DEBUG    | __main__:select_type:113 | [选择] 自检通过: type=poi source=name_poi id=B0FFFEEHFU
2026-05-19 10:31:22.190 | DEBUG    | __main__:run:343 | [名称] 一致: 江苏省现代美术馆
2026-05-19 10:31:22.190 | DEBUG    | __main__:run:347 | [选择] name_poi | 42.16m | 第3名 | 前面: 江苏省科学历史文化中心(geo_poi), 江苏省文化交流中心(geo_poi)
2026-05-19 10:31:22.190 | DEBUG    | __main__:run:352 | [理由] 江苏省现代美术馆是单体建筑/独立点位，候选中存在精确名称匹配项B0FFFEEHFU（source: name_poi），高德分类为'科教文化服务;美术馆;美术馆'，地址同为梦都大街50号，距离42.16米，名称完全一致且分类正确。 (1次成功)
2026-05-19 10:31:22.190 | DEBUG    | __main__:run:355 | [3] Agent 标注分类...
2026-05-19 10:32:49.936 | DEBUG    | __main__:annotate_category:189 | [标注] 自检通过: 事业单位/文化场馆
2026-05-19 10:32:49.936 | DEBUG    | __main__:run:363 | [标注] {"name": "江苏省现代美术馆", "affiliation": "事业单位", "point_type": "文化场馆", "level": "省级事业单位", "feature": "经江苏省编办批准设立的省级公益性美术馆，由江苏省文联主管，建筑面积4800多平方米，室内展区2800多平方米，设3个展厅，2025年入选文化和旅游部国有公益性收藏单位名单", "parent_company": "江苏省文联", "constructor": "信息待补充"} (1次成功)
2026-05-19 10:32:49.936 | DEBUG    | __main__:run:366 | [4] 入库...
2026-05-19 10:32:49.939 | INFO     | __main__:save_result:264 | [入库] poi_id=f9dfdf20-7b34-46f0-bde3-0db761c9fc2d 事业单位/文化场馆 rgb(255,117,51)/180000
2026-05-19 10:32:49.939 | INFO     | __main__:save_result:265 | [记录] 
2026-05-19 10:32:49.947 | DEBUG    | __main__:run:290 | ----------------------------------------
2026-05-19 10:32:49.947 | INFO     | __main__:run:291 | SPOT: 杭州西溪宾馆 | 浙江省/杭州市/西湖区/蒋村街道
2026-05-19 10:32:49.948 | DEBUG    | __main__:run:295 | [1] 高德查询...
2026-05-19 10:32:50.044 | DEBUG    | backend.api.amap:_geo_to_address_once:164 | [高德] 逆地理完成，返回 5 个POI, 2 个AOI
2026-05-19 10:32:50.239 | DEBUG    | backend.api.amap:_name_to_poi_once:267 | [高德] 名称搜索完成，返回 5 个 POI
2026-05-19 10:32:50.240 | DEBUG    | backend.api.amap:query_candidates:345 | [高德] 候选去重后: 8 条
2026-05-19 10:32:50.242 | DEBUG    | backend.util.io:save_json:54 | [保存] /data/openclaw/tianmap-government/tmp/amap/20260519_103250_杭州西溪宾馆_e335aebd.json
2026-05-19 10:32:50.242 | DEBUG    | __main__:run:315 | [地址] 一致: 浙江省/杭州市/西湖区/蒋村街道
2026-05-19 10:32:50.242 | DEBUG    | __main__:run:323 | [2] Agent 筛选高德...
2026-05-19 10:32:53.389 | DEBUG    | __main__:select_type:113 | [选择] 自检通过: type=poi source=geo_poi id=B023B16YOH
2026-05-19 10:32:53.389 | DEBUG    | __main__:run:343 | [名称] 一致: 杭州西溪宾馆
2026-05-19 10:32:53.389 | DEBUG    | __main__:run:347 | [选择] geo_poi | 24.2m | 第7名 | 前面: 西溪国家湿地公园(geo_aoi), 杭州西溪宾馆洗手间(name_poi), 杭州西溪宾馆大堂吧(geo_poi), 杭州西溪宾馆董湾厅(geo_poi), 杭州西溪宾馆大堂(geo_poi), 杭州西溪宾馆梅墅厅(geo_poi)
2026-05-19 10:32:53.389 | DEBUG    | __main__:run:352 | [理由] 杭州西溪宾馆是单体建筑/独立点位（五星级宾馆），候选列表中 B023B16YOH 为完全匹配名称的 geo_poi 结果，类型为'住宿服务;宾馆酒店;五星级宾馆'，距离 24.2 米，是最佳匹配项。其他候选为宾馆内部子点位（大堂吧、董湾厅、梅墅厅、洗手间、停车场等），非主体点位。 (2次成功)
2026-05-19 10:32:53.389 | DEBUG    | __main__:run:355 | [3] Agent 标注分类...
2026-05-19 10:33:46.276 | DEBUG    | __main__:annotate_category:189 | [标注] 自检通过: 商业服务/酒店
2026-05-19 10:33:46.277 | DEBUG    | __main__:run:363 | [标注] {"name": "杭州西溪宾馆", "affiliation": "商业服务", "point_type": "酒店", "level": "五星级", "feature": "中国首家湿地文化主题酒店，五星级度假型酒店，坐落于西溪国家湿地公园西北角，融合江南传统建筑元素与现代绿色节能理念", "parent_company": "杭州西湖文化旅游投资集团有限公司", "constructor": "信息待补充"} (1次成功)
2026-05-19 10:33:46.277 | DEBUG    | __main__:run:366 | [4] 入库...
2026-05-19 10:33:46.279 | INFO     | __main__:save_result:264 | [入库] poi_id=e335aebd-4972-4e43-9474-fbab94b8a3ee 商业服务/酒店 rgb(51,187,255)/120000
2026-05-19 10:33:46.279 | INFO     | __main__:save_result:265 | [记录] 
2026-05-19 10:33:46.283 | DEBUG    | __main__:run:290 | ----------------------------------------
2026-05-19 10:33:46.284 | INFO     | __main__:run:291 | SPOT: 苏州ifs国金中心 | 江苏省/苏州市/姑苏区/斜塘街道
2026-05-19 10:33:46.284 | DEBUG    | __main__:run:295 | [1] 高德查询...
2026-05-19 10:33:46.373 | DEBUG    | backend.api.amap:_geo_to_address_once:164 | [高德] 逆地理完成，返回 5 个POI, 5 个AOI
2026-05-19 10:33:46.461 | DEBUG    | backend.api.amap:_name_to_poi_once:267 | [高德] 名称搜索完成，返回 5 个 POI
2026-05-19 10:33:46.461 | DEBUG    | backend.api.amap:query_candidates:345 | [高德] 候选去重后: 14 条
2026-05-19 10:33:46.463 | DEBUG    | backend.util.io:save_json:54 | [保存] /data/openclaw/tianmap-government/tmp/amap/20260519_103346_苏州ifs国金中心_26aa318e.json
2026-05-19 10:33:46.463 | DEBUG    | __main__:run:317 | [地址] 不一致: DB=姑苏区 → 高德=吴中区 | DB=斜塘街道 → 高德=金鸡湖街道
2026-05-19 10:33:46.463 | DEBUG    | __main__:run:323 | [2] Agent 筛选高德...
2026-05-19 10:33:49.478 | DEBUG    | __main__:select_type:113 | [选择] 自检通过: type=aoi source=geo_aoi id=B02001BNC4
2026-05-19 10:33:49.479 | DEBUG    | __main__:run:345 | [名称] 不一致: DB=苏州ifs国金中心 → agent=苏州九龙仓国际金融中心
2026-05-19 10:33:49.479 | DEBUG    | __main__:run:347 | [选择] geo_aoi | 39.28m | 第5名 | 前面: 圆融天幕(geo_aoi), 金鸡湖景区(geo_aoi), 苏州梵笛声乐|FINDY录音棚(湖东店)(geo_poi), 江南市井博物馆(geo_poi)
2026-05-19 10:33:49.479 | DEBUG    | __main__:run:352 | [理由] 苏州IFS国金中心是单体建筑综合体（九龙仓开发），对应候选中的'苏州九龙仓国际金融中心'，为geo_aoi类型，距离最近(39.28m)，是该单体建筑的官方注册名称。 (1次成功)
2026-05-19 10:33:49.479 | DEBUG    | __main__:run:355 | [3] Agent 标注分类...
2026-05-19 10:34:31.829 | DEBUG    | __main__:annotate_category:189 | [标注] 自检通过: 商业服务/写字楼
2026-05-19 10:34:31.829 | DEBUG    | __main__:run:363 | [标注] {"name": "苏州ifs国金中心", "affiliation": "商业服务", "point_type": "写字楼", "level": "450米", "feature": "苏州工业园区湖东CBD核心区地标建筑，由香港九龙仓集团开发，集甲级写字楼、高端购物中心、五星级酒店及公寓于一体的超高层综合体，T1塔楼共91层总高450米，曾获2020年度CTBUH全球高层建筑卓越奖", "parent_company": "九龙仓集团", "constructor": "九龙仓集团"} (1次成功)
2026-05-19 10:34:31.829 | DEBUG    | __main__:run:366 | [4] 入库...
2026-05-19 10:34:31.832 | INFO     | __main__:save_result:264 | [入库] poi_id=26aa318e-4614-4509-98eb-e9a336c8ed7a 商业服务/写字楼 rgb(51,187,255)/210000
2026-05-19 10:34:31.833 | INFO     | __main__:save_result:265 | [记录] {"district": ["吴中区", "姑苏区"], "township": ["金鸡湖街道", "斜塘街道"]}
2026-05-19 10:34:31.840 | DEBUG    | __main__:run:290 | ----------------------------------------
2026-05-19 10:34:31.841 | INFO     | __main__:run:291 | SPOT: 阪急百货 | 浙江省/宁波市/鄞州区/福明街道
2026-05-19 10:34:31.841 | DEBUG    | __main__:run:295 | [1] 高德查询...
2026-05-19 10:34:31.912 | DEBUG    | backend.api.amap:_geo_to_address_once:164 | [高德] 逆地理完成，返回 5 个POI, 2 个AOI
2026-05-19 10:34:32.011 | DEBUG    | backend.api.amap:_name_to_poi_once:267 | [高德] 名称搜索完成，返回 5 个 POI
2026-05-19 10:34:32.012 | DEBUG    | backend.api.amap:query_candidates:345 | [高德] 候选去重后: 12 条
2026-05-19 10:34:32.012 | DEBUG    | backend.util.io:save_json:54 | [保存] /data/openclaw/tianmap-government/tmp/amap/20260519_103432_阪急百货_f38e87e1.json
2026-05-19 10:34:32.013 | DEBUG    | __main__:run:315 | [地址] 一致: 浙江省/宁波市/鄞州区/福明街道
2026-05-19 10:34:32.013 | DEBUG    | __main__:run:323 | [2] Agent 筛选高德...
2026-05-19 10:34:39.194 | DEBUG    | __main__:select_type:113 | [选择] 自检通过: type=aoi source=geo_aoi id=B0FFKZK8NM
2026-05-19 10:34:39.194 | DEBUG    | __main__:run:345 | [名称] 不一致: DB=阪急百货 → agent=宁波阪急
2026-05-19 10:34:39.195 | DEBUG    | __main__:run:349 | [选择] geo_aoi | 0.0m | 第1名
2026-05-19 10:34:39.195 | DEBUG    | __main__:run:352 | [理由] 阪急百货是商场综合体（片区/商圈），非单体点位。geo_aoi中的'宁波阪急'距离0.0，amap_type为'购物服务;商场;普通商场'，最匹配。 (2次成功)
2026-05-19 10:34:39.195 | DEBUG    | __main__:run:355 | [3] Agent 标注分类...
2026-05-19 10:35:47.063 | DEBUG    | __main__:annotate_category:189 | [标注] 自检通过: 商业服务/商业综合体
2026-05-19 10:35:47.063 | DEBUG    | __main__:run:363 | [标注] {"name": "宁波阪急", "affiliation": "商业服务", "point_type": "商业综合体", "level": "信息待补充", "feature": "日本阪急百货集团在中国/海外的首家门店，定位奢华/奢侈品百货购物中心，由日本H2O Retailing与杉杉集团合资经营，2023年开业，首年销售额达52亿元", "parent_company": "日本阪急百货店 → 阪急阪神控股集团", "constructor": "杉杉集团"} (1次成功)
2026-05-19 10:35:47.063 | DEBUG    | __main__:run:366 | [4] 入库...
2026-05-19 10:35:47.066 | INFO     | __main__:save_result:264 | [入库] poi_id=f38e87e1-d7b0-45bf-b227-3284543f7390 商业服务/商业综合体 rgb(51,187,255)/200000
2026-05-19 10:35:47.067 | INFO     | __main__:save_result:265 | [记录] {"name": ["宁波阪急", "阪急百货"]}
2026-05-19 10:35:47.071 | DEBUG    | __main__:run:290 | ----------------------------------------
2026-05-19 10:35:47.071 | INFO     | __main__:run:291 | SPOT: 中国考古博物馆 | 北京市/市辖区/朝阳区/奥运村街道
2026-05-19 10:35:47.071 | DEBUG    | __main__:run:295 | [1] 高德查询...
2026-05-19 10:35:47.142 | DEBUG    | backend.api.amap:_geo_to_address_once:164 | [高德] 逆地理完成，返回 5 个POI, 3 个AOI
2026-05-19 10:35:47.201 | DEBUG    | backend.api.amap:_name_to_poi_once:267 | [高德] 名称搜索完成，返回 1 个 POI
2026-05-19 10:35:47.202 | DEBUG    | backend.api.amap:query_candidates:345 | [高德] 候选去重后: 8 条
2026-05-19 10:35:47.203 | DEBUG    | backend.util.io:save_json:54 | [保存] /data/openclaw/tianmap-government/tmp/amap/20260519_103547_中国考古博物馆_e72af4f6.json
2026-05-19 10:35:47.203 | DEBUG    | __main__:run:315 | [地址] 一致: 北京市//朝阳区/奥运村街道
2026-05-19 10:35:47.203 | DEBUG    | __main__:run:323 | [2] Agent 筛选高德...
2026-05-19 10:35:48.571 | DEBUG    | __main__:select_type:113 | [选择] 自检通过: type=poi source=geo_poi id=B0JUNZ6G83
2026-05-19 10:35:48.571 | DEBUG    | __main__:run:343 | [名称] 一致: 中国考古博物馆
2026-05-19 10:35:48.572 | DEBUG    | __main__:run:347 | [选择] geo_poi | 43.46m | 第4名 | 前面: 奥林匹克公园中心区(geo_aoi), 北京奥林匹克公园(geo_aoi), 中国历史研究院(geo_poi)
2026-05-19 10:35:48.572 | DEBUG    | __main__:run:352 | [理由] 中国考古博物馆是单体建筑/独立点位，候选中存在完全匹配的 geo_poi 结果（amap_name 完全一致，距离 43.46 米），直接选用。 (1次成功)
2026-05-19 10:35:48.572 | DEBUG    | __main__:run:355 | [3] Agent 标注分类...
2026-05-19 10:36:42.490 | DEBUG    | __main__:annotate_category:189 | [标注] 自检通过: 事业单位/文化场馆
2026-05-19 10:36:42.490 | DEBUG    | __main__:run:363 | [标注] {"name": "中国考古博物馆", "affiliation": "事业单位", "point_type": "文化场馆", "level": "二级事业单位，财政全额拨款", "feature": "中国第一家以考古命名的国家级专业博物馆，2023年9月15日开放，常设展厅7000多平方米，展出6000余件考古一线出土文物，基本陈列包括文明起源、宅兹中国、大国一统、和融万方、民族觉醒五个专题，集展览展示、收藏保护、学术研究、宣传教育为一体", "parent_company": "中国历史研究院", "constructor": "信息待补充"} (1次成功)
2026-05-19 10:36:42.491 | DEBUG    | __main__:run:366 | [4] 入库...
2026-05-19 10:36:42.493 | INFO     | __main__:save_result:264 | [入库] poi_id=e72af4f6-218d-4625-943a-216da4be2267 事业单位/文化场馆 rgb(255,117,51)/180000
2026-05-19 10:36:42.493 | INFO     | __main__:save_result:265 | [记录] 
2026-05-19 10:36:42.497 | DEBUG    | __main__:run:290 | ----------------------------------------
2026-05-19 10:36:42.498 | INFO     | __main__:run:291 | SPOT: 陕西历史博物馆 | 陕西省/西安市/雁塔区/小寨路街道
2026-05-19 10:36:42.498 | DEBUG    | __main__:run:295 | [1] 高德查询...
2026-05-19 10:36:42.673 | DEBUG    | backend.api.amap:_geo_to_address_once:164 | [高德] 逆地理完成，返回 5 个POI, 1 个AOI
2026-05-19 10:36:42.820 | DEBUG    | backend.api.amap:_name_to_poi_once:267 | [高德] 名称搜索完成，返回 5 个 POI
2026-05-19 10:36:42.820 | DEBUG    | backend.api.amap:query_candidates:345 | [高德] 候选去重后: 9 条
2026-05-19 10:36:42.822 | DEBUG    | backend.util.io:save_json:54 | [保存] /data/openclaw/tianmap-government/tmp/amap/20260519_103642_陕西历史博物馆_4a0d72e4.json
2026-05-19 10:36:42.822 | DEBUG    | __main__:run:315 | [地址] 一致: 陕西省/西安市/雁塔区/小寨路街道
2026-05-19 10:36:42.822 | DEBUG    | __main__:run:323 | [2] Agent 筛选高德...
2026-05-19 10:36:44.421 | DEBUG    | __main__:select_type:113 | [选择] 自检通过: type=poi source=geo_poi id=B001D03PEX
2026-05-19 10:36:44.422 | DEBUG    | __main__:run:343 | [名称] 一致: 陕西历史博物馆
2026-05-19 10:36:44.422 | DEBUG    | __main__:run:347 | [选择] geo_poi | 23.45m | 第2名 | 前面: 陕西历史博物馆游客服务中心(name_poi)
2026-05-19 10:36:44.422 | DEBUG    | __main__:run:352 | [理由] 陕西历史博物馆为单体建筑/独立文化设施，非片区/广场/商圈。候选中B001D03PEX名称与SPOT完全一致，类型为科教文化服务-博物馆，距离23.45米为最匹配的正式场馆点位，排除游客服务中心、出入口、存包处等附属设施。 (1次成功)
2026-05-19 10:36:44.422 | DEBUG    | __main__:run:355 | [3] Agent 标注分类...
2026-05-19 10:38:00.836 | DEBUG    | backend.api.hermes:chat_return_json:92 | [Hermes] JSON 解析失败: Expecting ',' delimiter: line 6 column 48 (char 144)
2026-05-19 10:40:01.165 | ERROR    | backend.api.hermes:_chat_once:53 | [Hermes] 请求超时
2026-05-19 10:42:02.164 | ERROR    | backend.api.hermes:_chat_once:53 | [Hermes] 请求超时
2026-05-19 10:42:02.164 | DEBUG    | backend.api.hermes:chat_return_json:95 | [Hermes] JSON 提取全部失败
2026-05-19 10:42:02.164 | WARNING  | __main__:annotate_category:165 | [标注] 第 1 次返回为空或格式不对
2026-05-19 10:43:00.952 | DEBUG    | __main__:annotate_category:189 | [标注] 自检通过: 事业单位/文化场馆
2026-05-19 10:43:00.953 | DEBUG    | __main__:run:363 | [标注] {"name": "陕西历史博物馆", "affiliation": "事业单位", "point_type": "文化场馆", "level": "二级事业单位，副厅级，AAAA级", "feature": "中国第一座大型现代化国家级博物馆，馆藏170余万件文物，一级文物762件，被誉为'古都明珠，华夏宝库'", "parent_company": "陕西省文物局", "constructor": "信息待补充"} (2次成功)
2026-05-19 10:43:00.953 | DEBUG    | __main__:run:366 | [4] 入库...
2026-05-19 10:43:00.956 | INFO     | __main__:save_result:264 | [入库] poi_id=4a0d72e4-f4b5-4e32-a24b-db88d3649067 事业单位/文化场馆 rgb(255,117,51)/180000
2026-05-19 10:43:00.956 | INFO     | __main__:save_result:265 | [记录] 
2026-05-19 10:43:00.960 | DEBUG    | __main__:run:290 | ----------------------------------------
2026-05-19 10:43:00.960 | INFO     | __main__:run:291 | SPOT: 开原寺 | 江苏省/无锡市/滨湖区/荣巷街道
2026-05-19 10:43:00.961 | DEBUG    | __main__:run:295 | [1] 高德查询...
2026-05-19 10:43:01.043 | DEBUG    | backend.api.amap:_geo_to_address_once:164 | [高德] 逆地理完成，返回 5 个POI, 3 个AOI
2026-05-19 10:43:01.148 | DEBUG    | backend.api.amap:_name_to_poi_once:267 | [高德] 名称搜索完成，返回 5 个 POI
2026-05-19 10:43:01.149 | DEBUG    | backend.api.amap:query_candidates:345 | [高德] 候选去重后: 11 条
2026-05-19 10:43:01.150 | DEBUG    | backend.util.io:save_json:54 | [保存] /data/openclaw/tianmap-government/tmp/amap/20260519_104301_开原寺_38275646.json
2026-05-19 10:43:01.150 | DEBUG    | __main__:run:315 | [地址] 一致: 江苏省/无锡市/滨湖区/荣巷街道
2026-05-19 10:43:01.150 | DEBUG    | __main__:run:323 | [2] Agent 筛选高德...
2026-05-19 10:43:24.919 | DEBUG    | __main__:select_type:113 | [选择] 自检通过: type=poi source=geo_poi id=B0G2UP1MTV
2026-05-19 10:43:24.919 | DEBUG    | __main__:run:345 | [名称] 不一致: DB=开原寺 → agent=荣氏梅园-开原寺财神殿
2026-05-19 10:43:24.920 | DEBUG    | __main__:run:347 | [选择] geo_poi | 14.38m | 第5名 | 前面: 荣氏梅园-开原寺(geo_aoi), 荣氏梅园(geo_aoi), 荣氏梅园-梅梁湖景区(geo_aoi), 荣氏梅园-观音殿(geo_poi)
2026-05-19 10:43:24.920 | DEBUG    | __main__:run:352 | [理由] 开原寺为单体寺庙建筑（非片区/商圈），属单体点位优先选geo_poi。候选中第5条'荣氏梅园-开原寺财神殿'名称直接含'开原寺'，为geo_poi类型且距离最近(14.38m)，匹配度最高。 (1次成功)
2026-05-19 10:43:24.920 | DEBUG    | __main__:run:355 | [3] Agent 标注分类...
2026-05-19 10:45:25.164 | ERROR    | backend.api.hermes:_chat_once:53 | [Hermes] 请求超时
2026-05-19 10:46:44.153 | DEBUG    | __main__:annotate_category:189 | [标注] 自检通过: 历史遗产/省级文保单位
2026-05-19 10:46:44.154 | DEBUG    | __main__:run:363 | [标注] {"name": "开原寺", "affiliation": "历史遗产", "point_type": "省级文保单位", "level": "省保", "feature": "位于无锡市梅园浒山脚下，1930年由量如和尚创建、荣德生捐资购地，1933年落成。1946年创办无锡汉藏佛学院。1983年修复，仍为活佛寺，称无锡\"小灵隐\"。2019年列为江苏省省级文物保护单位（全称：开原寺及汉藏佛学院旧址）。原为荣氏家庙，藏有乾隆版《大藏经》。", "parent_company": "信息待补充", "constructor": "荣德生"} (1次成功)
2026-05-19 10:46:44.154 | DEBUG    | __main__:run:366 | [4] 入库...
2026-05-19 10:46:44.156 | INFO     | __main__:save_result:264 | [入库] poi_id=38275646-0294-4f2d-a94e-f1f81e99d46c 历史遗产/省级文保单位 rgb(187,51,255)/260000
2026-05-19 10:46:44.157 | INFO     | __main__:save_result:265 | [记录] 
2026-05-19 10:46:44.161 | DEBUG    | __main__:run:290 | ----------------------------------------
2026-05-19 10:46:44.161 | INFO     | __main__:run:291 | SPOT: 市心实验中学 | 浙江省/杭州市/萧山区/宁围街道
2026-05-19 10:46:44.161 | DEBUG    | __main__:run:295 | [1] 高德查询...
2026-05-19 10:46:44.226 | DEBUG    | backend.api.amap:_geo_to_address_once:164 | [高德] 逆地理完成，返回 5 个POI, 1 个AOI
2026-05-19 10:46:44.503 | DEBUG    | backend.api.amap:_name_to_poi_once:267 | [高德] 名称搜索完成，返回 2 个 POI
2026-05-19 10:46:44.503 | DEBUG    | backend.api.amap:query_candidates:345 | [高德] 候选去重后: 6 条
2026-05-19 10:46:44.504 | DEBUG    | backend.util.io:save_json:54 | [保存] /data/openclaw/tianmap-government/tmp/amap/20260519_104644_市心实验中学_244a8622.json
2026-05-19 10:46:44.504 | DEBUG    | __main__:run:315 | [地址] 一致: 浙江省/杭州市/萧山区/宁围街道
2026-05-19 10:46:44.504 | DEBUG    | __main__:run:323 | [2] Agent 筛选高德...
2026-05-19 10:46:45.986 | DEBUG    | __main__:select_type:113 | [选择] 自检通过: type=poi source=geo_poi id=B0KGZM00EN
2026-05-19 10:46:45.986 | DEBUG    | __main__:run:345 | [名称] 不一致: DB=市心实验中学 → agent=萧山区市心实验中学
2026-05-19 10:46:45.986 | DEBUG    | __main__:run:349 | [选择] geo_poi | 52.28m | 第1名
2026-05-19 10:46:45.986 | DEBUG    | __main__:run:352 | [理由] 市心实验中学为单体学校建筑，属于独立点位。geo_poi 第一条萧山区市心实验中学距离仅52.28米，名称完全匹配，类型科教文化服务;学校;中学，是最优选择。 (1次成功)
2026-05-19 10:46:45.986 | DEBUG    | __main__:run:355 | [3] Agent 标注分类...
2026-05-19 10:47:16.480 | DEBUG    | __main__:annotate_category:189 | [标注] 自检通过: 事业单位/学校
2026-05-19 10:47:16.481 | DEBUG    | __main__:run:363 | [标注] {"name": "市心实验中学", "affiliation": "事业单位", "point_type": "学校", "level": "三级事业单位，财政全额拨款", "feature": "公办初级中学，2025年9月开学，同步挂牌杭州新教育实验中学，由萧山区教育局举办", "parent_company": "杭州市萧山区教育局", "constructor": "信息待补充"} (1次成功)
2026-05-19 10:47:16.481 | DEBUG    | __main__:run:366 | [4] 入库...
2026-05-19 10:47:16.483 | INFO     | __main__:save_result:264 | [入库] poi_id=244a8622-1952-4935-bea8-bc513200fcd9 事业单位/学校 rgb(255,117,51)/160000
2026-05-19 10:47:16.484 | INFO     | __main__:save_result:265 | [记录] 
2026-05-19 10:47:16.491 | DEBUG    | __main__:run:290 | ----------------------------------------
2026-05-19 10:47:16.492 | INFO     | __main__:run:291 | SPOT: 西安乐荟中心 | 陕西省/西安市/雁塔区/杜城街道
2026-05-19 10:47:16.492 | DEBUG    | __main__:run:295 | [1] 高德查询...
2026-05-19 10:47:16.585 | DEBUG    | backend.api.amap:_geo_to_address_once:164 | [高德] 逆地理完成，返回 5 个POI, 3 个AOI
2026-05-19 10:47:16.721 | DEBUG    | backend.api.amap:_name_to_poi_once:267 | [高德] 名称搜索完成，返回 5 个 POI
2026-05-19 10:47:16.721 | DEBUG    | backend.api.amap:query_candidates:345 | [高德] 候选去重后: 10 条
2026-05-19 10:47:16.723 | DEBUG    | backend.util.io:save_json:54 | [保存] /data/openclaw/tianmap-government/tmp/amap/20260519_104716_西安乐荟中心_6a44c7b3.json
2026-05-19 10:47:16.723 | DEBUG    | __main__:run:315 | [地址] 一致: 陕西省/西安市/雁塔区/杜城街道
2026-05-19 10:47:16.723 | DEBUG    | __main__:run:323 | [2] Agent 筛选高德...
2026-05-19 10:47:20.388 | DEBUG    | __main__:select_type:113 | [选择] 自检通过: type=aoi source=geo_aoi id=B0JGFZPB58
2026-05-19 10:47:20.388 | DEBUG    | __main__:run:345 | [名称] 不一致: DB=西安乐荟中心 → agent=南飞鸿·乐荟中心
2026-05-19 10:47:20.388 | DEBUG    | __main__:run:349 | [选择] geo_aoi | 0.0m | 第1名
2026-05-19 10:47:20.388 | DEBUG    | __main__:run:352 | [理由] 乐荟中心为综合性购物中心，属于片区/商圈类型。候选中geo_aoi类型的'南飞鸿·乐荟中心'与SPOT名称匹配度最高且距离最近(0.0) (2次成功)
2026-05-19 10:47:20.388 | DEBUG    | __main__:run:355 | [3] Agent 标注分类...
2026-05-19 10:48:44.226 | DEBUG    | backend.api.hermes:chat_return_json:92 | [Hermes] JSON 解析失败: Expecting ',' delimiter: line 6 column 31 (char 122)
2026-05-19 10:49:23.256 | DEBUG    | __main__:annotate_category:189 | [标注] 自检通过: 商业服务/商业综合体
2026-05-19 10:49:23.256 | DEBUG    | __main__:run:363 | [标注] {"name": "西安乐荟中心", "affiliation": "商业服务", "point_type": "商业综合体", "level": "信息待补充", "feature": "西安城南超大型城市生态商业综合体，总建筑面积45万平方米，商业面积约10万平方米，共7层，引入盒马鲜生西北首家设计创新店、meland club西北旗舰店（4000㎡）、幸福蓝海影城西北旗舰店等30余个首店品牌，开业首日客流超12万人次。", "parent_company": "陕西南飞鸿实业有限公司", "constructor": "陕西南飞鸿实业有限公司"} (1次成功)
2026-05-19 10:49:23.256 | DEBUG    | __main__:run:366 | [4] 入库...
2026-05-19 10:49:23.259 | INFO     | __main__:save_result:264 | [入库] poi_id=6a44c7b3-88a2-43f2-a669-825fc5351ec5 商业服务/商业综合体 rgb(51,187,255)/200000
2026-05-19 10:49:23.259 | INFO     | __main__:save_result:265 | [记录] 
2026-05-19 10:49:23.267 | DEBUG    | __main__:run:290 | ----------------------------------------
2026-05-19 10:49:23.267 | INFO     | __main__:run:291 | SPOT: 绳金塔 | 江西省/南昌市/西湖区/
2026-05-19 10:49:23.268 | DEBUG    | __main__:run:295 | [1] 高德查询...
2026-05-19 10:49:23.396 | DEBUG    | backend.api.amap:_geo_to_address_once:164 | [高德] 逆地理完成，返回 5 个POI, 2 个AOI
2026-05-19 10:49:23.529 | DEBUG    | backend.api.amap:_name_to_poi_once:267 | [高德] 名称搜索完成，返回 5 个 POI
2026-05-19 10:49:23.530 | DEBUG    | backend.api.amap:query_candidates:345 | [高德] 候选去重后: 10 条
2026-05-19 10:49:23.531 | DEBUG    | backend.util.io:save_json:54 | [保存] /data/openclaw/tianmap-government/tmp/amap/20260519_104923_绳金塔_a3841e95.json
2026-05-19 10:49:23.532 | DEBUG    | __main__:run:315 | [地址] 一致: 江西省/南昌市/西湖区/绳金塔街道
2026-05-19 10:49:23.532 | DEBUG    | __main__:run:323 | [2] Agent 筛选高德...
2026-05-19 10:49:25.704 | DEBUG    | __main__:select_type:113 | [选择] 自检通过: type=aoi source=geo_aoi id=B031703XFA
2026-05-19 10:49:25.704 | DEBUG    | __main__:run:343 | [名称] 一致: 绳金塔
2026-05-19 10:49:25.705 | DEBUG    | __main__:run:349 | [选择] geo_aoi | 0.0m | 第1名
2026-05-19 10:49:25.705 | DEBUG    | __main__:run:352 | [理由] 绳金塔为单体古塔建筑/省级景点，属于单体点位。候选中B031703XFA绳金塔名称完全匹配，距离0.0，类型标注为'风景名胜;省级景点'，虽source为geo_aoi但amap_area较小(20805)，且名称和位置最精确匹配SPOT (1次成功)
2026-05-19 10:49:25.705 | DEBUG    | __main__:run:355 | [3] Agent 标注分类...
2026-05-19 10:50:39.640 | DEBUG    | backend.api.hermes:chat_return_json:92 | [Hermes] JSON 解析失败: Extra data: line 10 column 1 (char 289)
2026-05-19 10:52:11.839 | DEBUG    | __main__:annotate_category:189 | [标注] 自检通过: 历史遗产/省级文保单位
2026-05-19 10:52:11.839 | DEBUG    | __main__:run:363 | [标注] {"name": "绳金塔", "affiliation": "历史遗产", "point_type": "省级文保单位", "level": "省保", "feature": "始建于唐天佑年间（904-907年），1987年被列为第三批江西省文物保护单位。相传建塔时掘地得金绳四匝、古剑三把、舍利子三百粒而得名，素有\"水火既济，坐镇江城\"之说，南昌人的镇城之宝。现存塔体为清康熙五十二年（1713年）重建", "parent_company": "信息待补充", "constructor": "信息待补充"} (1次成功)
2026-05-19 10:52:11.839 | DEBUG    | __main__:run:366 | [4] 入库...
2026-05-19 10:52:11.842 | INFO     | __main__:save_result:264 | [入库] poi_id=a3841e95-61c8-471f-9bcc-fbba527e3ea7 历史遗产/省级文保单位 rgb(187,51,255)/260000
2026-05-19 10:52:11.842 | INFO     | __main__:save_result:265 | [记录] 
2026-05-19 10:52:11.850 | DEBUG    | __main__:run:290 | ----------------------------------------
2026-05-19 10:52:11.850 | INFO     | __main__:run:291 | SPOT: 南京赛珍珠旧居 | 江苏省/南京市/鼓楼区/湖南路街道
2026-05-19 10:52:11.851 | DEBUG    | __main__:run:295 | [1] 高德查询...
2026-05-19 10:52:11.940 | DEBUG    | backend.api.amap:_geo_to_address_once:164 | [高德] 逆地理完成，返回 5 个POI, 1 个AOI
2026-05-19 10:52:12.007 | DEBUG    | backend.api.amap:_name_to_poi_once:267 | [高德] 名称搜索完成，返回 2 个 POI
2026-05-19 10:52:12.007 | DEBUG    | backend.api.amap:query_candidates:345 | [高德] 候选去重后: 6 条
2026-05-19 10:52:12.008 | DEBUG    | backend.util.io:save_json:54 | [保存] /data/openclaw/tianmap-government/tmp/amap/20260519_105212_南京赛珍珠旧居_54c603de.json
2026-05-19 10:52:12.009 | DEBUG    | __main__:run:315 | [地址] 一致: 江苏省/南京市/鼓楼区/湖南路街道
2026-05-19 10:52:12.009 | DEBUG    | __main__:run:323 | [2] Agent 筛选高德...
2026-05-19 10:52:20.938 | DEBUG    | __main__:select_type:113 | [选择] 自检通过: type=poi source=geo_poi id=B0FFF2HQN5
2026-05-19 10:52:20.938 | DEBUG    | __main__:run:345 | [名称] 不一致: DB=南京赛珍珠旧居 → agent=南京赛珍珠故居
2026-05-19 10:52:20.938 | DEBUG    | __main__:run:347 | [选择] geo_poi | 4.25m | 第2名 | 前面: 南京大学(鼓楼校区)(geo_aoi)
2026-05-19 10:52:20.939 | DEBUG    | __main__:run:352 | [理由] SPOT名称'南京赛珍珠旧居'为单体建筑点位，非片区/商圈。候选中第2条'南京赛珍珠故居'（geo_poi，距离4.25m）与SPOT名称语义完全匹配（'旧居'='故居'），地址明确标注为南京大学鼓楼校区内，距离最近且类型为纪念馆，是最精确匹配。第1条geo_aoi为整个鼓楼校区（距离0m但范围过大），第3条为雕像而非旧居本体，均不匹配。 (1次成功)
2026-05-19 10:52:20.939 | DEBUG    | __main__:run:355 | [3] Agent 标注分类...
2026-05-19 10:53:26.697 | DEBUG    | __main__:annotate_category:189 | [标注] 自检通过: 历史遗产/省级文保单位
2026-05-19 10:53:26.697 | DEBUG    | __main__:run:363 | [标注] {"name": "南京赛珍珠旧居", "affiliation": "历史遗产", "point_type": "省级文保单位", "level": "省保", "feature": "1912年建的西式洋楼，赛珍珠在此创作《大地》并获诺贝尔文学奖，2012年修复开放为纪念馆，设有生平展、金陵大学展、《大地》故事展等展厅", "parent_company": "南京大学", "constructor": "南京大学"} (1次成功)
2026-05-19 10:53:26.697 | DEBUG    | __main__:run:366 | [4] 入库...
2026-05-19 10:53:26.700 | INFO     | __main__:save_result:264 | [入库] poi_id=54c603de-8008-43c4-a016-35253a642b03 历史遗产/省级文保单位 rgb(187,51,255)/260000
2026-05-19 10:53:26.701 | INFO     | __main__:save_result:265 | [记录] 
2026-05-19 10:53:26.708 | DEBUG    | __main__:run:290 | ----------------------------------------
2026-05-19 10:53:26.709 | INFO     | __main__:run:291 | SPOT: 国贸智慧网谷创新园 | 浙江省/杭州市/拱墅区/上塘街道
2026-05-19 10:53:26.709 | DEBUG    | __main__:run:295 | [1] 高德查询...
2026-05-19 10:53:26.783 | DEBUG    | backend.api.amap:_geo_to_address_once:164 | [高德] 逆地理完成，返回 5 个POI, 1 个AOI
2026-05-19 10:53:26.976 | DEBUG    | backend.api.amap:_name_to_poi_once:267 | [高德] 名称搜索完成，返回 5 个 POI
2026-05-19 10:53:26.977 | DEBUG    | backend.api.amap:query_candidates:345 | [高德] 候选去重后: 9 条
2026-05-19 10:53:26.979 | DEBUG    | backend.util.io:save_json:54 | [保存] /data/openclaw/tianmap-government/tmp/amap/20260519_105326_国贸智慧网谷创新园_593178cd.json
2026-05-19 10:53:26.979 | DEBUG    | __main__:run:315 | [地址] 一致: 浙江省/杭州市/拱墅区/上塘街道
2026-05-19 10:53:26.979 | DEBUG    | __main__:run:323 | [2] Agent 筛选高德...
2026-05-19 10:53:40.327 | DEBUG    | __main__:select_type:113 | [选择] 自检通过: type=poi source=geo_poi id=B0L1LUEIGN
2026-05-19 10:53:40.328 | DEBUG    | __main__:run:345 | [名称] 不一致: DB=国贸智慧网谷创新园 → agent=国贸慧谷创新园
2026-05-19 10:53:40.328 | DEBUG    | __main__:run:349 | [选择] geo_poi | 7.72m | 第1名
2026-05-19 10:53:40.328 | DEBUG    | __main__:run:352 | [理由] 国贸智慧网谷创新园为单体产业园区点位，名称中包含'创新园'，属于独立产业园区。候选第一条'国贸慧谷创新园'与SPOT名称高度匹配（仅'慧'vs'智'一字之差，且逆地理地址为'国贸慧谷创新园'，说明同一地点的异名），距离仅7.72米，类型标注为'商务住宅;产业园区;产业园区'，完全吻合。 (1次成功)
2026-05-19 10:53:40.328 | DEBUG    | __main__:run:355 | [3] Agent 标注分类...
2026-05-19 10:55:41.164 | ERROR    | backend.api.hermes:_chat_once:53 | [Hermes] 请求超时
2026-05-19 10:57:03.528 | DEBUG    | __main__:annotate_category:189 | [标注] 自检通过: 商业服务/商业综合体
2026-05-19 10:57:03.528 | DEBUG    | __main__:run:363 | [标注] {"name": "国贸智慧网谷创新园", "affiliation": "商业服务", "point_type": "商业综合体", "level": "信息待补充", "feature": "由浙江省国际贸易集团开发建设的产业园区综合体，位于杭州市拱墅区上塘街道，集总部办公与产业园区功能于一体，由UDG联创设计", "parent_company": "浙江省国际贸易集团有限公司", "constructor": "浙江省国际贸易集团有限公司"} (1次成功)
2026-05-19 10:57:03.528 | DEBUG    | __main__:run:366 | [4] 入库...
2026-05-19 10:57:03.531 | INFO     | __main__:save_result:264 | [入库] poi_id=593178cd-e3f4-4f38-b916-80ed54bdb8d1 商业服务/商业综合体 rgb(51,187,255)/200000
2026-05-19 10:57:03.531 | INFO     | __main__:save_result:265 | [记录] 
2026-05-19 10:57:03.539 | DEBUG    | __main__:run:290 | ----------------------------------------
2026-05-19 10:57:03.539 | INFO     | __main__:run:291 | SPOT: 杭州科技职业学院 | 浙江省/杭州市/富阳区/富春街道
2026-05-19 10:57:03.539 | DEBUG    | __main__:run:295 | [1] 高德查询...
2026-05-19 10:57:03.690 | DEBUG    | backend.api.amap:_geo_to_address_once:164 | [高德] 逆地理完成，返回 5 个POI, 1 个AOI
2026-05-19 10:57:03.801 | DEBUG    | backend.api.amap:_name_to_poi_once:267 | [高德] 名称搜索完成，返回 5 个 POI
2026-05-19 10:57:03.802 | DEBUG    | backend.api.amap:query_candidates:345 | [高德] 候选去重后: 8 条
2026-05-19 10:57:03.803 | DEBUG    | backend.util.io:save_json:54 | [保存] /data/openclaw/tianmap-government/tmp/amap/20260519_105703_杭州科技职业学院_04449d77.json
2026-05-19 10:57:03.803 | DEBUG    | __main__:run:315 | [地址] 一致: 浙江省/杭州市/富阳区/富春街道
2026-05-19 10:57:03.804 | DEBUG    | __main__:run:323 | [2] Agent 筛选高德...
2026-05-19 10:57:05.248 | DEBUG    | __main__:select_type:113 | [选择] 自检通过: type=poi source=geo_poi id=B0FFGBDZXT
2026-05-19 10:57:05.248 | DEBUG    | __main__:run:345 | [名称] 不一致: DB=杭州科技职业学院 → agent=杭州科技职业技术学院
2026-05-19 10:57:05.248 | DEBUG    | __main__:run:349 | [选择] geo_poi | 52.6m | 第1名
2026-05-19 10:57:05.248 | DEBUG    | __main__:run:352 | [理由] SPOT为单体高校点位，候选第1条geo_poi名称完全匹配（仅'职业'与'技术'差异），距离最近52.6米，amap_type为'科教文化服务;学校;高等院校'，确认为独立高校实体。 (1次成功)
2026-05-19 10:57:05.248 | DEBUG    | __main__:run:355 | [3] Agent 标注分类...
2026-05-19 10:57:31.864 | DEBUG    | backend.api.hermes:chat_return_json:92 | [Hermes] JSON 解析失败: Extra data: line 10 column 1 (char 210)
2026-05-19 10:57:58.850 | DEBUG    | __main__:annotate_category:189 | [标注] 自检通过: 事业单位/学校
2026-05-19 10:57:58.851 | DEBUG    | __main__:run:363 | [标注] {"name": "杭州科技职业技术学院", "affiliation": "事业单位", "point_type": "学校", "level": "一级事业单位，财政全额拨款", "feature": "杭州市人民政府主办的公办高职院校，以现代服务业和高新技术产业为特色，以城建类专业为特色，校企合作、就业导向", "parent_company": "杭州市人民政府 & 杭州市教育局", "constructor": "信息待补充"} (1次成功)
2026-05-19 10:57:58.851 | DEBUG    | __main__:run:366 | [4] 入库...
2026-05-19 10:57:58.853 | INFO     | __main__:save_result:264 | [入库] poi_id=04449d77-e6fa-442c-ae7a-058f4ec96c40 事业单位/学校 rgb(255,117,51)/160000
2026-05-19 10:57:58.854 | INFO     | __main__:save_result:265 | [记录] {"name": ["杭州科技职业技术学院", "杭州科技职业学院"]}
2026-05-19 10:57:58.861 | DEBUG    | __main__:run:290 | ----------------------------------------
2026-05-19 10:57:58.862 | INFO     | __main__:run:291 | SPOT: 富士康 | 上海市/市辖区/浦东新区/陆家嘴街道
2026-05-19 10:57:58.862 | DEBUG    | __main__:run:295 | [1] 高德查询...
2026-05-19 10:57:58.986 | DEBUG    | backend.api.amap:_geo_to_address_once:164 | [高德] 逆地理完成，返回 5 个POI, 2 个AOI
2026-05-19 10:57:59.143 | DEBUG    | backend.api.amap:_name_to_poi_once:267 | [高德] 名称搜索完成，返回 5 个 POI
2026-05-19 10:57:59.143 | DEBUG    | backend.api.amap:query_candidates:345 | [高德] 候选去重后: 11 条
2026-05-19 10:57:59.144 | DEBUG    | backend.util.io:save_json:54 | [保存] /data/openclaw/tianmap-government/tmp/amap/20260519_105759_富士康_4ed84b26.json
2026-05-19 10:57:59.144 | DEBUG    | __main__:run:315 | [地址] 一致: 上海市//浦东新区/陆家嘴街道
2026-05-19 10:57:59.144 | DEBUG    | __main__:run:323 | [2] Agent 筛选高德...
2026-05-19 10:58:00.682 | DEBUG    | __main__:select_type:113 | [选择] 自检通过: type=poi source=geo_poi id=B00156GWSU
2026-05-19 10:58:00.682 | DEBUG    | __main__:run:345 | [名称] 不一致: DB=富士康 → agent=富士康大厦
2026-05-19 10:58:00.682 | DEBUG    | __main__:run:349 | [选择] geo_poi | 12.97m | 第1名
2026-05-19 10:58:00.683 | DEBUG    | __main__:run:352 | [理由] SPOT名称'富士康'对应逆地理地址'富士康大厦'，为单体建筑/商务写字楼。候选中第一条'富士康大厦'来自geo_poi，距离仅12.97米，名称完全匹配且距离最近。name_poi返回的廊坊相关富士康距离超1000公里，排除。 (1次成功)
2026-05-19 10:58:00.683 | DEBUG    | __main__:run:355 | [3] Agent 标注分类...
2026-05-19 10:58:26.085 | DEBUG    | __main__:annotate_category:189 | [标注] 自检通过: 民营企业/民营独资
2026-05-19 10:58:26.086 | DEBUG    | __main__:run:363 | [标注] {"name": "富士康大厦", "affiliation": "民营企业", "point_type": "民营独资", "level": "鸿海精密工业旗下", "feature": "富士康集团在中国大陆地区的总部基地，兼具长三角区域研发中心及电子商务中心职能，地上21层地下4层，建筑面积约8.1万平方米，建筑高度95米", "parent_company": "鸿海精密工业股份有限公司", "constructor": "信息待补充"} (1次成功)
2026-05-19 10:58:26.086 | DEBUG    | __main__:run:366 | [4] 入库...
2026-05-19 10:58:26.089 | INFO     | __main__:save_result:264 | [入库] poi_id=4ed84b26-144e-4d39-a53c-0abc426f1fb1 民营企业/民营独资 rgb(112,243,255)/220000
2026-05-19 10:58:26.089 | INFO     | __main__:save_result:265 | [记录] {"name": ["富士康大厦", "富士康"]}
2026-05-19 10:58:26.093 | DEBUG    | __main__:run:290 | ----------------------------------------
2026-05-19 10:58:26.094 | INFO     | __main__:run:291 | SPOT: 永定土楼（5A） | 福建省/龙岩市/永定区/湖坑镇
2026-05-19 10:58:26.094 | DEBUG    | __main__:run:295 | [1] 高德查询...
2026-05-19 10:58:26.189 | DEBUG    | backend.api.amap:_geo_to_address_once:164 | [高德] 逆地理完成，返回 5 个POI, 2 个AOI
2026-05-19 10:58:26.311 | DEBUG    | backend.api.amap:_name_to_poi_once:267 | [高德] 名称搜索完成，返回 5 个 POI
2026-05-19 10:58:26.313 | DEBUG    | backend.api.amap:query_candidates:345 | [高德] 候选去重后: 11 条
2026-05-19 10:58:26.316 | DEBUG    | backend.util.io:save_json:54 | [保存] /data/openclaw/tianmap-government/tmp/amap/20260519_105826_永定土楼5A_373ea7a5.json
2026-05-19 10:58:26.316 | DEBUG    | __main__:run:315 | [地址] 一致: 福建省/龙岩市/永定区/湖坑镇
2026-05-19 10:58:26.316 | DEBUG    | __main__:run:323 | [2] Agent 筛选高德...
2026-05-19 10:58:27.896 | DEBUG    | __main__:select_type:113 | [选择] 自检通过: type=aoi source=geo_aoi id=B0H2V1VPOF
2026-05-19 10:58:27.896 | DEBUG    | __main__:run:345 | [名称] 不一致: DB=永定土楼（5A） → agent=福建土楼永定景区·福建土楼王子景区
2026-05-19 10:58:27.896 | DEBUG    | __main__:run:349 | [选择] geo_aoi | 0.0m | 第1名
2026-05-19 10:58:27.896 | DEBUG    | __main__:run:352 | [理由] 永定土楼（5A）为A级景区，属于片区/商圈型旅游目的地，非单体建筑。geo_aoi返回的'福建土楼永定景区·福建土楼王子景区'距离0.0且名称匹配度最高，为景区主体AOI。 (1次成功)
2026-05-19 10:58:27.896 | DEBUG    | __main__:run:355 | [3] Agent 标注分类...
2026-05-19 10:59:20.092 | DEBUG    | __main__:annotate_category:189 | [标注] 自检通过: 文化旅游/旅游景区
2026-05-19 10:59:20.093 | DEBUG    | __main__:run:363 | [标注] {"name": "永定土楼", "affiliation": "文化旅游", "point_type": "旅游景区", "level": "5A", "feature": "世界文化遗产福建土楼的核心承载地，由永定和南靖两大片区组成，以洪坑、高北、初溪、南溪等土楼群为代表，展现客家民居建筑巅峰成就。标志性建筑振成楼被誉为土楼王子，承启楼为现存规模最大的圆形土楼。2008年列入世界遗产名录，2011年获评国家5A级景区", "parent_company": "福建省客家土楼旅游发展有限公司", "constructor": "信息待补充"} (1次成功)
2026-05-19 10:59:20.093 | DEBUG    | __main__:run:366 | [4] 入库...
2026-05-19 10:59:20.095 | INFO     | __main__:save_result:264 | [入库] poi_id=373ea7a5-40d5-40e2-a330-5b6f61d97507 文化旅游/旅游景区 rgb(255,0,255)/260000
2026-05-19 10:59:20.095 | INFO     | __main__:save_result:265 | [记录] {"name": ["永定土楼", "永定土楼（5A）"]}
2026-05-19 10:59:20.100 | DEBUG    | __main__:run:290 | ----------------------------------------
2026-05-19 10:59:20.100 | INFO     | __main__:run:291 | SPOT: 珍珠泉消防站 | 江苏省/南京市/浦口区/顶山街道
2026-05-19 10:59:20.100 | DEBUG    | __main__:run:295 | [1] 高德查询...
2026-05-19 10:59:20.192 | DEBUG    | backend.api.amap:_geo_to_address_once:164 | [高德] 逆地理完成，返回 5 个POI, 0 个AOI
2026-05-19 10:59:20.244 | DEBUG    | backend.api.amap:_name_to_poi_once:267 | [高德] 名称搜索完成，返回 5 个 POI
2026-05-19 10:59:20.244 | DEBUG    | backend.api.amap:query_candidates:345 | [高德] 候选去重后: 9 条
2026-05-19 10:59:20.245 | DEBUG    | backend.util.io:save_json:54 | [保存] /data/openclaw/tianmap-government/tmp/amap/20260519_105920_珍珠泉消防站_0cc87d4c.json
2026-05-19 10:59:20.245 | DEBUG    | __main__:run:315 | [地址] 一致: 江苏省/南京市/浦口区/顶山街道
2026-05-19 10:59:20.245 | DEBUG    | __main__:run:323 | [2] Agent 筛选高德...
2026-05-19 10:59:21.596 | DEBUG    | __main__:select_type:113 | [选择] 自检通过: type=poi source=geo_poi id=B0KK0ADU2L
2026-05-19 10:59:21.596 | DEBUG    | __main__:run:345 | [名称] 不一致: DB=珍珠泉消防站 → agent=珍珠泉消防救援站
2026-05-19 10:59:21.597 | DEBUG    | __main__:run:349 | [选择] geo_poi | 8.75m | 第1名
2026-05-19 10:59:21.597 | DEBUG    | __main__:run:352 | [理由] SPOT名称'珍珠泉消防站'为单体消防点位，候选1'珍珠泉消防救援站'名称高度匹配且距离仅8.75米，来源geo_poi，amap_type为消防机关，完全匹配。 (1次成功)
2026-05-19 10:59:21.597 | DEBUG    | __main__:run:355 | [3] Agent 标注分类...
2026-05-19 11:01:22.154 | ERROR    | backend.api.hermes:_chat_once:53 | [Hermes] 请求超时
2026-05-19 11:02:08.574 | DEBUG    | __main__:annotate_category:189 | [标注] 自检通过: 机关单位/地方政府部门
2026-05-19 11:02:08.575 | DEBUG    | __main__:run:363 | [标注] {"name": "珍珠泉消防救援站", "affiliation": "机关单位", "point_type": "地方政府部门", "level": "信息待补充", "feature": "南京市浦口区消防救援大队下属基层消防救援站点，负责顶山街道及珍珠泉片区消防救援工作", "parent_company": "南京市浦口区消防救援大队", "constructor": "信息待补充"} (1次成功)
2026-05-19 11:02:08.575 | DEBUG    | __main__:run:366 | [4] 入库...
2026-05-19 11:02:08.578 | INFO     | __main__:save_result:264 | [入库] poi_id=0cc87d4c-62d0-425f-8edd-bf42600aaba2 机关单位/地方政府部门 rgb(240,0,86)/190000
2026-05-19 11:02:08.578 | INFO     | __main__:save_result:265 | [记录] {"name": ["珍珠泉消防救援站", "珍珠泉消防站"]}
2026-05-19 11:02:08.586 | DEBUG    | __main__:run:290 | ----------------------------------------
2026-05-19 11:02:08.586 | INFO     | __main__:run:291 | SPOT: 杭港地铁湘湖培训中心 | 浙江省/杭州市/萧山区/城厢街道
2026-05-19 11:02:08.586 | DEBUG    | __main__:run:295 | [1] 高德查询...
2026-05-19 11:02:08.692 | DEBUG    | backend.api.amap:_geo_to_address_once:164 | [高德] 逆地理完成，返回 5 个POI, 0 个AOI
2026-05-19 11:02:08.718 | DEBUG    | backend.api.amap:_name_to_poi_once:267 | [高德] 名称搜索完成，返回 1 个 POI
2026-05-19 11:02:08.718 | DEBUG    | backend.api.amap:query_candidates:345 | [高德] 候选去重后: 5 条
2026-05-19 11:02:08.719 | DEBUG    | backend.util.io:save_json:54 | [保存] /data/openclaw/tianmap-government/tmp/amap/20260519_110208_杭港地铁湘湖培训中心_712ba9d2.json
2026-05-19 11:02:08.719 | DEBUG    | __main__:run:315 | [地址] 一致: 浙江省/杭州市/萧山区/城厢街道
2026-05-19 11:02:08.719 | DEBUG    | __main__:run:323 | [2] Agent 筛选高德...
2026-05-19 11:02:09.992 | DEBUG    | __main__:select_type:113 | [选择] 自检通过: type=poi source=geo_poi id=B0FFLDT42Z
2026-05-19 11:02:09.992 | DEBUG    | __main__:run:343 | [名称] 一致: 杭港地铁湘湖培训中心
2026-05-19 11:02:09.992 | DEBUG    | __main__:run:349 | [选择] geo_poi | 17.58m | 第1名
2026-05-19 11:02:09.992 | DEBUG    | __main__:run:352 | [理由] 杭港地铁湘湖培训中心是单体点位（培训机构），候选列表第一条完全匹配名称，距离仅17.58米，为geo_poi来源，精确匹配且距离最近。 (1次成功)
2026-05-19 11:02:09.992 | DEBUG    | __main__:run:355 | [3] Agent 标注分类...
